Image,Class
image8132.jpg,Jacket
image1490.jpg,Miscellaneous
image3111.jpg,Jacket
image664.jpg,Christmas_Tree
image5802.jpg,Miscellaneous
image1031.jpg,Miscellaneous
image5905.jpg,Miscellaneous
image3200.jpg,Miscellaneous
image4454.jpg,Miscellaneous
image1382.jpg,Miscellaneous
image5462.jpg,Miscellaneous
image148.jpg,Christmas_Tree
image8815.jpg,Miscellaneous
image3284.jpg,Christmas_Tree
image4326.jpg,Miscellaneous
image6387.jpg,Miscellaneous
image9683.jpg,Christmas_Tree
image6618.jpg,Christmas_Tree
image7708.jpg,Jacket
image1747.jpg,Christmas_Tree
image9000.jpg,Miscellaneous
image6970.jpg,Miscellaneous
image6150.jpg,Miscellaneous
image5412.jpg,Christmas_Tree
image4408.jpg,Miscellaneous
image2957.jpg,Christmas_Tree
image1894.jpg,Christmas_Tree
image9489.jpg,Christmas_Tree
image425.jpg,Airplane
image3632.jpg,Christmas_Tree
image320.jpg,Christmas_Tree
image9885.jpg,Christmas_Tree
image6182.jpg,Christmas_Tree
image8932.jpg,Christmas_Tree
image3414.jpg,Christmas_Tree
image9502.jpg,Christmas_Tree
image5086.jpg,Christmas_Tree
image3768.jpg,Miscellaneous
image6189.jpg,Miscellaneous
image2186.jpg,Christmas_Tree
image9098.jpg,Miscellaneous
image5236.jpg,Christmas_Tree
image7294.jpg,Christmas_Tree
image7116.jpg,Christmas_Tree
image5346.jpg,Christmas_Tree
image8903.jpg,Christmas_Tree
image4348.jpg,Christmas_Tree
image3783.jpg,Christmas_Tree
image3222.jpg,Christmas_Tree
image6257.jpg,Christmas_Tree
image5575.jpg,Christmas_Tree
image6629.jpg,Christmas_Tree
image9109.jpg,Miscellaneous
image9696.jpg,Christmas_Tree
image991.jpg,Christmas_Tree
image7298.jpg,Christmas_Tree
image7940.jpg,Christmas_Tree
image7176.jpg,Christmas_Tree
image7589.jpg,Christmas_Tree
image3550.jpg,Christmas_Tree
image3045.jpg,Christmas_Tree
image5945.jpg,Christmas_Tree
image7296.jpg,Christmas_Tree
image326.jpg,Christmas_Tree
image589.jpg,Christmas_Tree
image8329.jpg,Christmas_Tree
image3360.jpg,Christmas_Tree
image5503.jpg,Christmas_Tree
image9756.jpg,Christmas_Tree
image9186.jpg,Christmas_Tree
image1085.jpg,Miscellaneous
image9094.jpg,Snowman
image1110.jpg,Snowman
image1886.jpg,Miscellaneous
image8550.jpg,Jacket
image8811.jpg,Miscellaneous
image5599.jpg,Miscellaneous
image2532.jpg,Christmas_Tree
image941.jpg,Airplane
image8080.jpg,Snowman
image4365.jpg,Snowman
image2827.jpg,Miscellaneous
image781.jpg,Jacket
image3205.jpg,Jacket
image8628.jpg,Jacket
image3780.jpg,Snowman
image3229.jpg,Snowman
image389.jpg,Airplane
image6275.jpg,Jacket
image5711.jpg,Snowman
image731.jpg,Miscellaneous
image1562.jpg,Snowman
image3718.jpg,Jacket
image3380.jpg,Jacket
image8374.jpg,Jacket
image1127.jpg,Jacket
image1013.jpg,Jacket
image1370.jpg,Jacket
image8794.jpg,Jacket
image8251.jpg,Jacket
image7396.jpg,Jacket
image2479.jpg,Jacket
image592.jpg,Miscellaneous
image5016.jpg,Jacket
image6747.jpg,Jacket
image2076.jpg,Jacket
image9484.jpg,Jacket
image4528.jpg,Jacket
image8043.jpg,Miscellaneous
image8218.jpg,Jacket
image2843.jpg,Jacket
image7843.jpg,Jacket
image8267.jpg,Airplane
image33.jpg,Airplane
image5430.jpg,Airplane
image707.jpg,Airplane
image3027.jpg,Miscellaneous
image3137.jpg,Airplane
image8753.jpg,Airplane
image8957.jpg,Airplane
image8793.jpg,Airplane
image4774.jpg,Miscellaneous
image7102.jpg,Airplane
image8299.jpg,Miscellaneous
image5254.jpg,Airplane
image4093.jpg,Airplane
image2528.jpg,Miscellaneous
image1023.jpg,Airplane
image5004.jpg,Airplane
image289.jpg,Miscellaneous
image364.jpg,Airplane
image7080.jpg,Airplane
image8906.jpg,Miscellaneous
image6555.jpg,Miscellaneous
image1829.jpg,Airplane
image3424.jpg,Candle
image9039.jpg,Candle
image9140.jpg,Christmas_Tree
image3070.jpg,Candle
image2586.jpg,Candle
image9659.jpg,Candle
image536.jpg,Miscellaneous
image2306.jpg,Candle
image4103.jpg,Candle
image9062.jpg,Candle
image9775.jpg,Candle
image4264.jpg,Candle
image1433.jpg,Candle
image3388.jpg,Miscellaneous
image6141.jpg,Candle
image4572.jpg,Candle
image227.jpg,Christmas_Tree
image6464.jpg,Candle
image5313.jpg,Candle
image7227.jpg,Candle
image3025.jpg,Miscellaneous
image8370.jpg,Christmas_Tree
image5900.jpg,Miscellaneous
image3245.jpg,Miscellaneous
image2690.jpg,Miscellaneous
image324.jpg,Miscellaneous
image3129.jpg,Miscellaneous
image6834.jpg,Miscellaneous
image2137.jpg,Airplane
image7481.jpg,Miscellaneous
image7393.jpg,Miscellaneous
image2904.jpg,Miscellaneous
image4656.jpg,Miscellaneous
image1086.jpg,Jacket
image4561.jpg,Miscellaneous
image3409.jpg,Miscellaneous
image9248.jpg,Jacket
image1737.jpg,Miscellaneous
image3326.jpg,Miscellaneous
image5267.jpg,Miscellaneous
image6682.jpg,Miscellaneous
image6250.jpg,Miscellaneous
image1953.jpg,Miscellaneous
image2282.jpg,Jacket
image9928.jpg,Miscellaneous
image7249.jpg,Miscellaneous
image7590.jpg,Miscellaneous
image218.jpg,Miscellaneous
image9757.jpg,Miscellaneous
image3519.jpg,Miscellaneous
image7649.jpg,Miscellaneous
image1483.jpg,Miscellaneous
image7550.jpg,Miscellaneous
image5133.jpg,Jacket
image6212.jpg,Airplane
image886.jpg,Miscellaneous
image8239.jpg,Jacket
image4830.jpg,Miscellaneous
image7570.jpg,Miscellaneous
image3416.jpg,Miscellaneous
image8536.jpg,Miscellaneous
image2362.jpg,Miscellaneous
image9123.jpg,Miscellaneous
image7819.jpg,Miscellaneous
image6795.jpg,Miscellaneous
image3788.jpg,Miscellaneous
image9317.jpg,Miscellaneous
image489.jpg,Miscellaneous
image254.jpg,Miscellaneous
image457.jpg,Miscellaneous
image6076.jpg,Airplane
image5631.jpg,Miscellaneous
image4990.jpg,Miscellaneous
image4272.jpg,Miscellaneous
image2665.jpg,Miscellaneous
image5000.jpg,Miscellaneous
image4701.jpg,Miscellaneous
image1398.jpg,Miscellaneous
image1323.jpg,Miscellaneous
image5272.jpg,Miscellaneous
image7643.jpg,Miscellaneous
image9162.jpg,Miscellaneous
image6805.jpg,Miscellaneous
image4597.jpg,Miscellaneous
image2211.jpg,Miscellaneous
image3489.jpg,Miscellaneous
image3522.jpg,Airplane
image4285.jpg,Miscellaneous
image8006.jpg,Miscellaneous
image1885.jpg,Miscellaneous
image2799.jpg,Miscellaneous
image6827.jpg,Miscellaneous
image4726.jpg,Miscellaneous
image9717.jpg,Miscellaneous
image6147.jpg,Miscellaneous
image3932.jpg,Miscellaneous
image2054.jpg,Miscellaneous
image3534.jpg,Miscellaneous
image2576.jpg,Jacket
image6707.jpg,Miscellaneous
image8904.jpg,Miscellaneous
image6264.jpg,Miscellaneous
image6199.jpg,Miscellaneous
image3822.jpg,Miscellaneous
image3118.jpg,Miscellaneous
image5161.jpg,Miscellaneous
image1355.jpg,Miscellaneous
image8458.jpg,Miscellaneous
image6514.jpg,Miscellaneous
image323.jpg,Jacket
image7476.jpg,Miscellaneous
image9220.jpg,Miscellaneous
image647.jpg,Miscellaneous
image3514.jpg,Miscellaneous
image5848.jpg,Miscellaneous
image4626.jpg,Miscellaneous
image7414.jpg,Miscellaneous
image6460.jpg,Miscellaneous
image6580.jpg,Miscellaneous
image4895.jpg,Miscellaneous
image7722.jpg,Miscellaneous
image1473.jpg,Miscellaneous
image244.jpg,Miscellaneous
image9153.jpg,Miscellaneous
image4340.jpg,Miscellaneous
image4369.jpg,Miscellaneous
image6666.jpg,Miscellaneous
image7541.jpg,Miscellaneous
image2611.jpg,Miscellaneous
image8186.jpg,Miscellaneous
image9436.jpg,Miscellaneous
image9839.jpg,Miscellaneous
image2807.jpg,Miscellaneous
image9707.jpg,Miscellaneous
image5559.jpg,Miscellaneous
image6746.jpg,Miscellaneous
image6644.jpg,Miscellaneous
image8401.jpg,Miscellaneous
image8109.jpg,Miscellaneous
image2388.jpg,Miscellaneous
image2003.jpg,Miscellaneous
image2747.jpg,Airplane
image6349.jpg,Airplane
image1545.jpg,Miscellaneous
image8749.jpg,Miscellaneous
image929.jpg,Miscellaneous
image3243.jpg,Candle
image7347.jpg,Miscellaneous
image6164.jpg,Jacket
image6015.jpg,Jacket
image5537.jpg,Miscellaneous
image8159.jpg,Jacket
image2645.jpg,Jacket
image8774.jpg,Miscellaneous
image7349.jpg,Miscellaneous
image2946.jpg,Miscellaneous
image3395.jpg,Miscellaneous
image7715.jpg,Christmas_Tree
image69.jpg,Christmas_Tree
image5154.jpg,Christmas_Tree
image8782.jpg,Christmas_Tree
image6636.jpg,Christmas_Tree
image756.jpg,Miscellaneous
image308.jpg,Miscellaneous
image1703.jpg,Miscellaneous
image7056.jpg,Christmas_Tree
image2057.jpg,Christmas_Tree
image2071.jpg,Christmas_Tree
image4346.jpg,Christmas_Tree
image8122.jpg,Christmas_Tree
image55.jpg,Christmas_Tree
image9151.jpg,Christmas_Tree
image1460.jpg,Miscellaneous
image5769.jpg,Miscellaneous
image2657.jpg,Christmas_Tree
image3071.jpg,Christmas_Tree
image7738.jpg,Christmas_Tree
image740.jpg,Christmas_Tree
image576.jpg,Christmas_Tree
image6065.jpg,Miscellaneous
image5879.jpg,Christmas_Tree
image6364.jpg,Christmas_Tree
image4405.jpg,Christmas_Tree
image7037.jpg,Christmas_Tree
image2015.jpg,Christmas_Tree
image6587.jpg,Christmas_Tree
image4038.jpg,Miscellaneous
image5336.jpg,Christmas_Tree
image1251.jpg,Christmas_Tree
image5541.jpg,Christmas_Tree
image9735.jpg,Christmas_Tree
image5097.jpg,Miscellaneous
image7815.jpg,Christmas_Tree
image8168.jpg,Christmas_Tree
image2919.jpg,Christmas_Tree
image2855.jpg,Christmas_Tree
image9522.jpg,Christmas_Tree
image4843.jpg,Christmas_Tree
image2348.jpg,Christmas_Tree
image7702.jpg,Christmas_Tree
image3341.jpg,Christmas_Tree
image831.jpg,Miscellaneous
image3014.jpg,Miscellaneous
image7867.jpg,Christmas_Tree
image4274.jpg,Miscellaneous
image4925.jpg,Christmas_Tree
image2043.jpg,Christmas_Tree
image6177.jpg,Christmas_Tree
image7943.jpg,Christmas_Tree
image3533.jpg,Christmas_Tree
image6007.jpg,Christmas_Tree
image4847.jpg,Christmas_Tree
image6687.jpg,Christmas_Tree
image2726.jpg,Christmas_Tree
image5471.jpg,Christmas_Tree
image2700.jpg,Christmas_Tree
image4619.jpg,Miscellaneous
image8805.jpg,Christmas_Tree
image9637.jpg,Christmas_Tree
image4281.jpg,Christmas_Tree
image6808.jpg,Christmas_Tree
image2322.jpg,Christmas_Tree
image3165.jpg,Miscellaneous
image483.jpg,Christmas_Tree
image6738.jpg,Christmas_Tree
image8095.jpg,Miscellaneous
image4009.jpg,Christmas_Tree
image75.jpg,Christmas_Tree
image6435.jpg,Christmas_Tree
image4452.jpg,Miscellaneous
image5360.jpg,Snowman
image269.jpg,Snowman
image925.jpg,Snowman
image1145.jpg,Snowman
image6935.jpg,Snowman
image6458.jpg,Jacket
image5486.jpg,Miscellaneous
image4309.jpg,Jacket
image8529.jpg,Miscellaneous
image3203.jpg,Miscellaneous
image1100.jpg,Jacket
image8272.jpg,Jacket
image6484.jpg,Jacket
image1570.jpg,Jacket
image3556.jpg,Miscellaneous
image5096.jpg,Jacket
image440.jpg,Jacket
image9152.jpg,Jacket
image1150.jpg,Jacket
image2939.jpg,Jacket
image6047.jpg,Miscellaneous
image8776.jpg,Jacket
image1557.jpg,Jacket
image5871.jpg,Jacket
image2067.jpg,Jacket
image4643.jpg,Jacket
image6520.jpg,Jacket
image1617.jpg,Jacket
image2895.jpg,Jacket
image9940.jpg,Jacket
image1125.jpg,Miscellaneous
image9308.jpg,Miscellaneous
image1739.jpg,Airplane
image7650.jpg,Airplane
image6585.jpg,Miscellaneous
image2607.jpg,Airplane
image3597.jpg,Airplane
image4719.jpg,Airplane
image5590.jpg,Airplane
image6531.jpg,Airplane
image4359.jpg,Airplane
image7047.jpg,Miscellaneous
image8407.jpg,Miscellaneous
image7615.jpg,Airplane
image2712.jpg,Airplane
image4388.jpg,Miscellaneous
image1200.jpg,Airplane
image7177.jpg,Airplane
image7153.jpg,Airplane
image8432.jpg,Miscellaneous
image4668.jpg,Airplane
image9472.jpg,Miscellaneous
image8012.jpg,Airplane
image9741.jpg,Airplane
image262.jpg,Candle
image3207.jpg,Candle
image3569.jpg,Candle
image8580.jpg,Candle
image8856.jpg,Candle
image8764.jpg,Miscellaneous
image5323.jpg,Miscellaneous
image3941.jpg,Candle
image145.jpg,Candle
image3539.jpg,Christmas_Tree
image1515.jpg,Candle
image3728.jpg,Miscellaneous
image9304.jpg,Candle
image1221.jpg,Christmas_Tree
image5595.jpg,Candle
image1645.jpg,Candle
image7716.jpg,Candle
image6931.jpg,Candle
image6785.jpg,Candle
image8987.jpg,Candle
image6010.jpg,Miscellaneous
image3226.jpg,Miscellaneous
image2841.jpg,Candle
image9087.jpg,Snowman
image4680.jpg,Candle
image8887.jpg,Jacket
image1314.jpg,Miscellaneous
image2588.jpg,Miscellaneous
image2803.jpg,Miscellaneous
image6231.jpg,Miscellaneous
image6526.jpg,Miscellaneous
image5901.jpg,Miscellaneous
image624.jpg,Miscellaneous
image2886.jpg,Miscellaneous
image9331.jpg,Miscellaneous
image5304.jpg,Miscellaneous
image3697.jpg,Miscellaneous
image1148.jpg,Miscellaneous
image2153.jpg,Miscellaneous
image4963.jpg,Miscellaneous
image1866.jpg,Miscellaneous
image4705.jpg,Miscellaneous
image113.jpg,Miscellaneous
image7855.jpg,Miscellaneous
image4577.jpg,Miscellaneous
image7567.jpg,Miscellaneous
image1584.jpg,Miscellaneous
image1059.jpg,Miscellaneous
image4268.jpg,Miscellaneous
image7.jpg,Miscellaneous
image7311.jpg,Miscellaneous
image2508.jpg,Miscellaneous
image3177.jpg,Miscellaneous
image406.jpg,Miscellaneous
image3532.jpg,Miscellaneous
image8781.jpg,Miscellaneous
image4294.jpg,Miscellaneous
image9771.jpg,Miscellaneous
image9368.jpg,Miscellaneous
image8664.jpg,Miscellaneous
image9395.jpg,Miscellaneous
image9530.jpg,Airplane
image4760.jpg,Miscellaneous
image1320.jpg,Miscellaneous
image2819.jpg,Miscellaneous
image8490.jpg,Miscellaneous
image9466.jpg,Miscellaneous
image9046.jpg,Miscellaneous
image8229.jpg,Miscellaneous
image5717.jpg,Miscellaneous
image199.jpg,Miscellaneous
image1779.jpg,Miscellaneous
image2548.jpg,Miscellaneous
image9793.jpg,Jacket
image7084.jpg,Miscellaneous
image1309.jpg,Miscellaneous
image2754.jpg,Miscellaneous
image2083.jpg,Jacket
image5826.jpg,Christmas_Tree
image2749.jpg,Airplane
image6980.jpg,Miscellaneous
image5026.jpg,Miscellaneous
image875.jpg,Miscellaneous
image5836.jpg,Miscellaneous
image1361.jpg,Miscellaneous
image3764.jpg,Miscellaneous
image3330.jpg,Miscellaneous
image9554.jpg,Miscellaneous
image2167.jpg,Miscellaneous
image82.jpg,Miscellaneous
image7129.jpg,Miscellaneous
image7688.jpg,Miscellaneous
image7539.jpg,Miscellaneous
image3565.jpg,Miscellaneous
image9027.jpg,Jacket
image5289.jpg,Jacket
image3974.jpg,Miscellaneous
image1522.jpg,Miscellaneous
image1368.jpg,Miscellaneous
image7180.jpg,Miscellaneous
image7958.jpg,Miscellaneous
image2321.jpg,Miscellaneous
image9607.jpg,Miscellaneous
image1130.jpg,Miscellaneous
image1889.jpg,Miscellaneous
image8802.jpg,Miscellaneous
image8464.jpg,Miscellaneous
image9575.jpg,Miscellaneous
image6336.jpg,Miscellaneous
image5464.jpg,Miscellaneous
image4308.jpg,Jacket
image5331.jpg,Miscellaneous
image5643.jpg,Miscellaneous
image1724.jpg,Candle
image280.jpg,Miscellaneous
image5580.jpg,Miscellaneous
image3683.jpg,Miscellaneous
image4639.jpg,Miscellaneous
image9730.jpg,Miscellaneous
image5663.jpg,Candle
image7748.jpg,Miscellaneous
image8291.jpg,Miscellaneous
image293.jpg,Miscellaneous
image429.jpg,Miscellaneous
image9595.jpg,Miscellaneous
image5232.jpg,Miscellaneous
image1682.jpg,Miscellaneous
image1262.jpg,Miscellaneous
image3113.jpg,Miscellaneous
image7378.jpg,Miscellaneous
image4039.jpg,Miscellaneous
image7158.jpg,Miscellaneous
image3038.jpg,Miscellaneous
image8420.jpg,Miscellaneous
image8754.jpg,Miscellaneous
image4504.jpg,Miscellaneous
image2068.jpg,Miscellaneous
image5070.jpg,Miscellaneous
image3238.jpg,Miscellaneous
image2603.jpg,Miscellaneous
image9656.jpg,Miscellaneous
image9673.jpg,Miscellaneous
image9718.jpg,Miscellaneous
image1714.jpg,Miscellaneous
image4067.jpg,Miscellaneous
image8149.jpg,Miscellaneous
image5646.jpg,Miscellaneous
image9951.jpg,Miscellaneous
image9007.jpg,Jacket
image7754.jpg,Miscellaneous
image7863.jpg,Miscellaneous
image3546.jpg,Miscellaneous
image7737.jpg,Miscellaneous
image6985.jpg,Jacket
image2615.jpg,Jacket
image5359.jpg,Jacket
image6253.jpg,Miscellaneous
image8337.jpg,Jacket
image4324.jpg,Miscellaneous
image1430.jpg,Miscellaneous
image7452.jpg,Jacket
image9315.jpg,Miscellaneous
image1711.jpg,Christmas_Tree
image2903.jpg,Christmas_Tree
image2753.jpg,Christmas_Tree
image8269.jpg,Miscellaneous
image2421.jpg,Christmas_Tree
image4586.jpg,Christmas_Tree
image2226.jpg,Christmas_Tree
image9569.jpg,Christmas_Tree
image7850.jpg,Christmas_Tree
image7944.jpg,Christmas_Tree
image4089.jpg,Christmas_Tree
image3457.jpg,Christmas_Tree
image9679.jpg,Jacket
image8266.jpg,Christmas_Tree
image3647.jpg,Christmas_Tree
image427.jpg,Christmas_Tree
image5989.jpg,Miscellaneous
image802.jpg,Christmas_Tree
image8492.jpg,Christmas_Tree
image7605.jpg,Christmas_Tree
image1352.jpg,Christmas_Tree
image2681.jpg,Christmas_Tree
image2021.jpg,Christmas_Tree
image8297.jpg,Christmas_Tree
image3396.jpg,Christmas_Tree
image8116.jpg,Christmas_Tree
image3700.jpg,Miscellaneous
image9082.jpg,Christmas_Tree
image157.jpg,Christmas_Tree
image4332.jpg,Christmas_Tree
image7790.jpg,Christmas_Tree
image9653.jpg,Christmas_Tree
image5350.jpg,Christmas_Tree
image5348.jpg,Christmas_Tree
image5355.jpg,Christmas_Tree
image7988.jpg,Miscellaneous
image6855.jpg,Christmas_Tree
image3170.jpg,Christmas_Tree
image153.jpg,Christmas_Tree
image211.jpg,Christmas_Tree
image5382.jpg,Miscellaneous
image7322.jpg,Miscellaneous
image973.jpg,Miscellaneous
image7395.jpg,Christmas_Tree
image2006.jpg,Christmas_Tree
image472.jpg,Christmas_Tree
image448.jpg,Christmas_Tree
image1167.jpg,Christmas_Tree
image136.jpg,Miscellaneous
image5635.jpg,Christmas_Tree
image3145.jpg,Miscellaneous
image1540.jpg,Christmas_Tree
image3479.jpg,Christmas_Tree
image2660.jpg,Christmas_Tree
image5684.jpg,Christmas_Tree
image5269.jpg,Christmas_Tree
image7569.jpg,Miscellaneous
image9324.jpg,Christmas_Tree
image7165.jpg,Christmas_Tree
image741.jpg,Christmas_Tree
image9507.jpg,Christmas_Tree
image447.jpg,Christmas_Tree
image6797.jpg,Christmas_Tree
image5473.jpg,Christmas_Tree
image8694.jpg,Christmas_Tree
image3883.jpg,Christmas_Tree
image4593.jpg,Christmas_Tree
image3407.jpg,Christmas_Tree
image9377.jpg,Snowman
image3655.jpg,Snowman
image6119.jpg,Miscellaneous
image7332.jpg,Snowman
image6249.jpg,Snowman
image3042.jpg,Miscellaneous
image583.jpg,Miscellaneous
image4977.jpg,Snowman
image3323.jpg,Snowman
image788.jpg,Miscellaneous
image196.jpg,Miscellaneous
image1934.jpg,Snowman
image3041.jpg,Snowman
image3116.jpg,Snowman
image4193.jpg,Jacket
image3004.jpg,Jacket
image1743.jpg,Jacket
image5524.jpg,Airplane
image7334.jpg,Jacket
image1087.jpg,Jacket
image2849.jpg,Jacket
image6033.jpg,Jacket
image6279.jpg,Jacket
image1254.jpg,Jacket
image5837.jpg,Jacket
image398.jpg,Jacket
image285.jpg,Miscellaneous
image7033.jpg,Airplane
image4236.jpg,Jacket
image7997.jpg,Jacket
image2047.jpg,Jacket
image5668.jpg,Jacket
image4794.jpg,Jacket
image3127.jpg,Jacket
image9379.jpg,Jacket
image1385.jpg,Jacket
image3605.jpg,Jacket
image4240.jpg,Miscellaneous
image2417.jpg,Jacket
image5694.jpg,Jacket
image7598.jpg,Jacket
image6857.jpg,Miscellaneous
image1273.jpg,Miscellaneous
image9490.jpg,Airplane
image659.jpg,Airplane
image5109.jpg,Airplane
image9307.jpg,Airplane
image921.jpg,Airplane
image127.jpg,Miscellaneous
image8253.jpg,Airplane
image3961.jpg,Airplane
image6014.jpg,Airplane
image918.jpg,Miscellaneous
image4674.jpg,Airplane
image7954.jpg,Airplane
image6991.jpg,Airplane
image2004.jpg,Airplane
image8108.jpg,Airplane
image1835.jpg,Candle
image5273.jpg,Airplane
image5028.jpg,Miscellaneous
image1419.jpg,Airplane
image7460.jpg,Airplane
image6393.jpg,Airplane
image8013.jpg,Miscellaneous
image455.jpg,Airplane
image1516.jpg,Airplane
image8657.jpg,Airplane
image7318.jpg,Candle
image6710.jpg,Christmas_Tree
image8045.jpg,Candle
image7895.jpg,Candle
image789.jpg,Candle
image7817.jpg,Candle
image4200.jpg,Candle
image9870.jpg,Candle
image742.jpg,Candle
image6042.jpg,Miscellaneous
image967.jpg,Candle
image5478.jpg,Candle
image632.jpg,Candle
image6354.jpg,Candle
image2771.jpg,Candle
image2461.jpg,Miscellaneous
image4765.jpg,Candle
image1316.jpg,Miscellaneous
image9846.jpg,Miscellaneous
image2499.jpg,Candle
image5235.jpg,Candle
image597.jpg,Miscellaneous
image2682.jpg,Miscellaneous
image6291.jpg,Miscellaneous
image5719.jpg,Miscellaneous
image1422.jpg,Candle
image5179.jpg,Miscellaneous
image4827.jpg,Miscellaneous
image5529.jpg,Miscellaneous
image4184.jpg,Miscellaneous
image6815.jpg,Miscellaneous
image6702.jpg,Miscellaneous
image6203.jpg,Miscellaneous
image8363.jpg,Miscellaneous
image6004.jpg,Candle
image8440.jpg,Miscellaneous
image8756.jpg,Airplane
image9448.jpg,Miscellaneous
image1666.jpg,Miscellaneous
image3329.jpg,Candle
image382.jpg,Miscellaneous
image10.jpg,Miscellaneous
image3073.jpg,Miscellaneous
image7566.jpg,Miscellaneous
image1809.jpg,Miscellaneous
image4975.jpg,Miscellaneous
image248.jpg,Miscellaneous
image6669.jpg,Miscellaneous
image8058.jpg,Miscellaneous
image2145.jpg,Miscellaneous
image6437.jpg,Miscellaneous
image6272.jpg,Christmas_Tree
image4662.jpg,Miscellaneous
image8949.jpg,Miscellaneous
image8578.jpg,Miscellaneous
image5240.jpg,Miscellaneous
image480.jpg,Miscellaneous
image791.jpg,Miscellaneous
image8743.jpg,Miscellaneous
image1502.jpg,Miscellaneous
image5778.jpg,Miscellaneous
image3970.jpg,Miscellaneous
image6193.jpg,Miscellaneous
image6614.jpg,Miscellaneous
image6532.jpg,Miscellaneous
image4318.jpg,Miscellaneous
image5627.jpg,Miscellaneous
image4334.jpg,Miscellaneous
image7667.jpg,Miscellaneous
image9282.jpg,Miscellaneous
image5339.jpg,Miscellaneous
image8281.jpg,Miscellaneous
image3642.jpg,Miscellaneous
image5552.jpg,Miscellaneous
image1257.jpg,Miscellaneous
image2066.jpg,Miscellaneous
image1126.jpg,Miscellaneous
image2476.jpg,Miscellaneous
image5726.jpg,Miscellaneous
image1389.jpg,Miscellaneous
image3478.jpg,Jacket
image2391.jpg,Miscellaneous
image2192.jpg,Miscellaneous
image2089.jpg,Miscellaneous
image9012.jpg,Miscellaneous
image2198.jpg,Miscellaneous
image2088.jpg,Miscellaneous
image8368.jpg,Miscellaneous
image5345.jpg,Miscellaneous
image6598.jpg,Miscellaneous
image4376.jpg,Miscellaneous
image8809.jpg,Miscellaneous
image8025.jpg,Miscellaneous
image3748.jpg,Miscellaneous
image7980.jpg,Miscellaneous
image8829.jpg,Christmas_Tree
image9745.jpg,Miscellaneous
image6525.jpg,Miscellaneous
image2295.jpg,Miscellaneous
image5283.jpg,Miscellaneous
image5805.jpg,Airplane
image3097.jpg,Miscellaneous
image8658.jpg,Miscellaneous
image8515.jpg,Miscellaneous
image5765.jpg,Miscellaneous
image9927.jpg,Miscellaneous
image9015.jpg,Miscellaneous
image7118.jpg,Miscellaneous
image517.jpg,Miscellaneous
image1045.jpg,Miscellaneous
image4879.jpg,Miscellaneous
image3996.jpg,Miscellaneous
image4411.jpg,Miscellaneous
image1160.jpg,Miscellaneous
image1605.jpg,Miscellaneous
image3120.jpg,Miscellaneous
image255.jpg,Miscellaneous
image7656.jpg,Miscellaneous
image9602.jpg,Miscellaneous
image8525.jpg,Miscellaneous
image5472.jpg,Miscellaneous
image3374.jpg,Miscellaneous
image750.jpg,Miscellaneous
image9535.jpg,Miscellaneous
image2022.jpg,Miscellaneous
image9419.jpg,Miscellaneous
image596.jpg,Miscellaneous
image7368.jpg,Candle
image4618.jpg,Miscellaneous
image720.jpg,Miscellaneous
image4558.jpg,Miscellaneous
image3365.jpg,Airplane
image988.jpg,Miscellaneous
image9687.jpg,Miscellaneous
image6052.jpg,Miscellaneous
image6802.jpg,Miscellaneous
image1855.jpg,Miscellaneous
image1702.jpg,Miscellaneous
image7235.jpg,Miscellaneous
image8650.jpg,Miscellaneous
image4580.jpg,Airplane
image6451.jpg,Miscellaneous
image3313.jpg,Jacket
image3859.jpg,Miscellaneous
image4269.jpg,Miscellaneous
image9071.jpg,Christmas_Tree
image6008.jpg,Christmas_Tree
image5753.jpg,Miscellaneous
image8284.jpg,Miscellaneous
image9326.jpg,Christmas_Tree
image1960.jpg,Christmas_Tree
image1410.jpg,Christmas_Tree
image1506.jpg,Miscellaneous
image5763.jpg,Christmas_Tree
image2908.jpg,Christmas_Tree
image4799.jpg,Miscellaneous
image2103.jpg,Christmas_Tree
image1226.jpg,Christmas_Tree
image850.jpg,Christmas_Tree
image8279.jpg,Christmas_Tree
image2644.jpg,Christmas_Tree
image2552.jpg,Christmas_Tree
image4180.jpg,Christmas_Tree
image25.jpg,Miscellaneous
image8465.jpg,Christmas_Tree
image5215.jpg,Christmas_Tree
image5247.jpg,Christmas_Tree
image9340.jpg,Christmas_Tree
image8268.jpg,Miscellaneous
image2446.jpg,Christmas_Tree
image1663.jpg,Snowman
image568.jpg,Jacket
image6596.jpg,Snowman
image3512.jpg,Jacket
image3821.jpg,Jacket
image9149.jpg,Jacket
image5870.jpg,Jacket
image4646.jpg,Jacket
image535.jpg,Jacket
image9510.jpg,Jacket
image8958.jpg,Snowman
image9150.jpg,Jacket
image3646.jpg,Jacket
image6841.jpg,Miscellaneous
image1233.jpg,Airplane
image7306.jpg,Airplane
image9512.jpg,Airplane
image3306.jpg,Airplane
image4611.jpg,Airplane
image4824.jpg,Airplane
image6997.jpg,Miscellaneous
image1824.jpg,Airplane
image9702.jpg,Candle
image2061.jpg,Candle
image9083.jpg,Candle
image7952.jpg,Candle
image454.jpg,Candle
image1993.jpg,Candle
image7045.jpg,Miscellaneous
image5420.jpg,Candle
image2319.jpg,Miscellaneous
image1034.jpg,Candle
image9241.jpg,Miscellaneous
image9375.jpg,Candle
image7480.jpg,Candle
image8726.jpg,Miscellaneous
image9579.jpg,Miscellaneous
image1890.jpg,Miscellaneous
image2725.jpg,Miscellaneous
image8770.jpg,Miscellaneous
image4257.jpg,Miscellaneous
image5391.jpg,Miscellaneous
image971.jpg,Miscellaneous
image4223.jpg,Miscellaneous
image3574.jpg,Miscellaneous
image6663.jpg,Jacket
image3295.jpg,Miscellaneous
image6143.jpg,Candle
image7365.jpg,Miscellaneous
image5977.jpg,Miscellaneous
image3171.jpg,Miscellaneous
image3991.jpg,Miscellaneous
image2892.jpg,Miscellaneous
image7105.jpg,Miscellaneous
image995.jpg,Miscellaneous
image5829.jpg,Miscellaneous
image4383.jpg,Miscellaneous
image7568.jpg,Miscellaneous
image693.jpg,Miscellaneous
image5125.jpg,Miscellaneous
image8835.jpg,Miscellaneous
image6693.jpg,Miscellaneous
image9403.jpg,Miscellaneous
image6120.jpg,Miscellaneous
image9603.jpg,Miscellaneous
image749.jpg,Miscellaneous
image4957.jpg,Miscellaneous
image5572.jpg,Candle
image5226.jpg,Airplane
image8662.jpg,Miscellaneous
image661.jpg,Miscellaneous
image7587.jpg,Jacket
image5715.jpg,Miscellaneous
image2142.jpg,Miscellaneous
image2500.jpg,Miscellaneous
image2748.jpg,Miscellaneous
image2848.jpg,Miscellaneous
image3962.jpg,Miscellaneous
image8948.jpg,Miscellaneous
image9529.jpg,Miscellaneous
image274.jpg,Miscellaneous
image5329.jpg,Miscellaneous
image8396.jpg,Miscellaneous
image4598.jpg,Miscellaneous
image3630.jpg,Miscellaneous
image9215.jpg,Miscellaneous
image6610.jpg,Miscellaneous
image4381.jpg,Miscellaneous
image8520.jpg,Miscellaneous
image7842.jpg,Miscellaneous
image6754.jpg,Miscellaneous
image6347.jpg,Miscellaneous
image6944.jpg,Miscellaneous
image5889.jpg,Miscellaneous
image1900.jpg,Miscellaneous
image1439.jpg,Miscellaneous
image960.jpg,Miscellaneous
image3722.jpg,Jacket
image7681.jpg,Miscellaneous
image4625.jpg,Miscellaneous
image1392.jpg,Miscellaneous
image867.jpg,Miscellaneous
image26.jpg,Miscellaneous
image9347.jpg,Miscellaneous
image9312.jpg,Miscellaneous
image2483.jpg,Miscellaneous
image9532.jpg,Airplane
image3707.jpg,Jacket
image3971.jpg,Miscellaneous
image8217.jpg,Miscellaneous
image5940.jpg,Miscellaneous
image4866.jpg,Miscellaneous
image6772.jpg,Jacket
image7948.jpg,Miscellaneous
image7981.jpg,Miscellaneous
image1932.jpg,Miscellaneous
image5245.jpg,Miscellaneous
image4181.jpg,Christmas_Tree
image6404.jpg,Miscellaneous
image1968.jpg,Christmas_Tree
image4064.jpg,Miscellaneous
image3225.jpg,Christmas_Tree
image5823.jpg,Christmas_Tree
image5764.jpg,Christmas_Tree
image1792.jpg,Christmas_Tree
image3058.jpg,Christmas_Tree
image6105.jpg,Christmas_Tree
image8134.jpg,Christmas_Tree
image1307.jpg,Christmas_Tree
image9063.jpg,Christmas_Tree
image985.jpg,Christmas_Tree
image7350.jpg,Christmas_Tree
image2480.jpg,Miscellaneous
image5522.jpg,Christmas_Tree
image9900.jpg,Christmas_Tree
image7297.jpg,Miscellaneous
image4837.jpg,Christmas_Tree
image2317.jpg,Christmas_Tree
image4686.jpg,Miscellaneous
image8024.jpg,Christmas_Tree
image273.jpg,Christmas_Tree
image2039.jpg,Christmas_Tree
image2844.jpg,Christmas_Tree
image5457.jpg,Christmas_Tree
image4634.jpg,Christmas_Tree
image2140.jpg,Christmas_Tree
image5250.jpg,Christmas_Tree
image5685.jpg,Christmas_Tree
image15.jpg,Christmas_Tree
image6732.jpg,Christmas_Tree
image2673.jpg,Christmas_Tree
image8364.jpg,Christmas_Tree
image461.jpg,Christmas_Tree
image9208.jpg,Christmas_Tree
image7420.jpg,Christmas_Tree
image8850.jpg,Christmas_Tree
image7062.jpg,Miscellaneous
image9517.jpg,Christmas_Tree
image304.jpg,Christmas_Tree
image3444.jpg,Miscellaneous
image8653.jpg,Christmas_Tree
image2080.jpg,Christmas_Tree
image6402.jpg,Christmas_Tree
image6839.jpg,Christmas_Tree
image4802.jpg,Christmas_Tree
image2896.jpg,Christmas_Tree
image8888.jpg,Christmas_Tree
image4952.jpg,Christmas_Tree
image1157.jpg,Christmas_Tree
image9841.jpg,Christmas_Tree
image570.jpg,Christmas_Tree
image341.jpg,Christmas_Tree
image4391.jpg,Christmas_Tree
image784.jpg,Christmas_Tree
image7905.jpg,Christmas_Tree
image1479.jpg,Christmas_Tree
image6681.jpg,Christmas_Tree
image5783.jpg,Christmas_Tree
image6030.jpg,Christmas_Tree
image2561.jpg,Christmas_Tree
image6953.jpg,Christmas_Tree
image8842.jpg,Christmas_Tree
image6665.jpg,Christmas_Tree
image5737.jpg,Christmas_Tree
image1509.jpg,Christmas_Tree
image4986.jpg,Snowman
image898.jpg,Miscellaneous
image3680.jpg,Snowman
image349.jpg,Miscellaneous
image5366.jpg,Miscellaneous
image4156.jpg,Jacket
image6928.jpg,Jacket
image2330.jpg,Christmas_Tree
image579.jpg,Snowman
image312.jpg,Jacket
image2029.jpg,Snowman
image8799.jpg,Miscellaneous
image2148.jpg,Jacket
image4659.jpg,Jacket
image3475.jpg,Miscellaneous
image655.jpg,Jacket
image2364.jpg,Airplane
image2150.jpg,Jacket
image959.jpg,Jacket
image7661.jpg,Jacket
image6110.jpg,Jacket
image5051.jpg,Jacket
image62.jpg,Jacket
image1801.jpg,Jacket
image1733.jpg,Jacket
image7216.jpg,Miscellaneous
image8798.jpg,Jacket
image3737.jpg,Jacket
image5170.jpg,Miscellaneous
image35.jpg,Jacket
image5424.jpg,Miscellaneous
image2265.jpg,Jacket
image6488.jpg,Jacket
image2530.jpg,Jacket
image9285.jpg,Jacket
image3696.jpg,Miscellaneous
image4670.jpg,Miscellaneous
image6794.jpg,Miscellaneous
image3317.jpg,Airplane
image7791.jpg,Miscellaneous
image8090.jpg,Airplane
image7034.jpg,Airplane
image4421.jpg,Miscellaneous
image4135.jpg,Airplane
image7975.jpg,Airplane
image2930.jpg,Miscellaneous
image5845.jpg,Miscellaneous
image5344.jpg,Airplane
image9268.jpg,Airplane
image4673.jpg,Airplane
image118.jpg,Miscellaneous
image9196.jpg,Airplane
image1345.jpg,Airplane
image8559.jpg,Miscellaneous
image6649.jpg,Airplane
image2215.jpg,Miscellaneous
image4814.jpg,Airplane
image816.jpg,Miscellaneous
image1951.jpg,Miscellaneous
image6300.jpg,Airplane
image3286.jpg,Airplane
image966.jpg,Airplane
image9219.jpg,Miscellaneous
image7357.jpg,Airplane
image531.jpg,Airplane
image2519.jpg,Miscellaneous
image100.jpg,Airplane
image1282.jpg,Miscellaneous
image8812.jpg,Candle
image694.jpg,Candle
image2643.jpg,Miscellaneous
image9804.jpg,Candle
image3377.jpg,Miscellaneous
image6847.jpg,Miscellaneous
image8462.jpg,Candle
image714.jpg,Candle
image9568.jpg,Miscellaneous
image213.jpg,Candle
image8276.jpg,Candle
image4397.jpg,Miscellaneous
image1757.jpg,Candle
image9708.jpg,Candle
image6606.jpg,Miscellaneous
image6240.jpg,Candle
image7389.jpg,Candle
image7275.jpg,Jacket
image3577.jpg,Miscellaneous
image3604.jpg,Candle
image1729.jpg,Candle
image9181.jpg,Candle
image2464.jpg,Candle
image4954.jpg,Candle
image7803.jpg,Miscellaneous
image3506.jpg,Miscellaneous
image7978.jpg,Candle
image1672.jpg,Candle
image5592.jpg,Candle
image6384.jpg,Candle
image3882.jpg,Candle
image4548.jpg,Miscellaneous
image137.jpg,Candle
image4076.jpg,Christmas_Tree
image5586.jpg,Candle
image9146.jpg,Miscellaneous
image1935.jpg,Miscellaneous
image581.jpg,Jacket
image3933.jpg,Miscellaneous
image760.jpg,Miscellaneous
image5533.jpg,Miscellaneous
image6913.jpg,Miscellaneous
image4476.jpg,Miscellaneous
image3441.jpg,Miscellaneous
image8600.jpg,Miscellaneous
image7505.jpg,Miscellaneous
image8823.jpg,Miscellaneous
image3079.jpg,Miscellaneous
image8512.jpg,Miscellaneous
image5027.jpg,Miscellaneous
image2230.jpg,Miscellaneous
image5223.jpg,Miscellaneous
image9145.jpg,Miscellaneous
image7473.jpg,Miscellaneous
image6090.jpg,Miscellaneous
image5342.jpg,Jacket
image9939.jpg,Jacket
image8836.jpg,Miscellaneous
image7284.jpg,Miscellaneous
image3278.jpg,Airplane
image7239.jpg,Miscellaneous
image9608.jpg,Miscellaneous
image3305.jpg,Miscellaneous
image1700.jpg,Miscellaneous
image9433.jpg,Miscellaneous
image7856.jpg,Miscellaneous
image2156.jpg,Miscellaneous
image5520.jpg,Miscellaneous
image5270.jpg,Miscellaneous
image3375.jpg,Miscellaneous
image4584.jpg,Miscellaneous
image9366.jpg,Miscellaneous
image5147.jpg,Miscellaneous
image2674.jpg,Miscellaneous
image3081.jpg,Miscellaneous
image3611.jpg,Miscellaneous
image6202.jpg,Miscellaneous
image3285.jpg,Candle
image5885.jpg,Miscellaneous
image9565.jpg,Miscellaneous
image580.jpg,Miscellaneous
image7335.jpg,Miscellaneous
image3761.jpg,Miscellaneous
image9668.jpg,Miscellaneous
image6026.jpg,Miscellaneous
image5165.jpg,Miscellaneous
image7733.jpg,Miscellaneous
image6613.jpg,Miscellaneous
image4138.jpg,Miscellaneous
image5123.jpg,Miscellaneous
image3938.jpg,Jacket
image94.jpg,Miscellaneous
image3826.jpg,Miscellaneous
image1765.jpg,Miscellaneous
image1601.jpg,Miscellaneous
image7032.jpg,Miscellaneous
image1298.jpg,Miscellaneous
image3316.jpg,Miscellaneous
image5708.jpg,Miscellaneous
image6540.jpg,Miscellaneous
image1854.jpg,Miscellaneous
image4279.jpg,Miscellaneous
image737.jpg,Miscellaneous
image3757.jpg,Miscellaneous
image3879.jpg,Miscellaneous
image2246.jpg,Miscellaneous
image8785.jpg,Miscellaneous
image6801.jpg,Miscellaneous
image1260.jpg,Miscellaneous
image8669.jpg,Miscellaneous
image4523.jpg,Miscellaneous
image1697.jpg,Miscellaneous
image4445.jpg,Miscellaneous
image9258.jpg,Airplane
image8280.jpg,Miscellaneous
image8833.jpg,Miscellaneous
image4748.jpg,Miscellaneous
image6994.jpg,Miscellaneous
image6760.jpg,Miscellaneous
image685.jpg,Miscellaneous
image3202.jpg,Jacket
image6040.jpg,Miscellaneous
image8231.jpg,Airplane
image4712.jpg,Miscellaneous
image1173.jpg,Miscellaneous
image5167.jpg,Miscellaneous
image900.jpg,Miscellaneous
image9131.jpg,Miscellaneous
image4174.jpg,Miscellaneous
image97.jpg,Miscellaneous
image3230.jpg,Miscellaneous
image8569.jpg,Miscellaneous
image2890.jpg,Miscellaneous
image6277.jpg,Miscellaneous
image1095.jpg,Miscellaneous
image7053.jpg,Miscellaneous
image2232.jpg,Miscellaneous
image1842.jpg,Miscellaneous
image8824.jpg,Miscellaneous
image5617.jpg,Jacket
image522.jpg,Miscellaneous
image7029.jpg,Miscellaneous
image1613.jpg,Miscellaneous
image2475.jpg,Jacket
image6604.jpg,Miscellaneous
image8449.jpg,Jacket
image8839.jpg,Miscellaneous
image2891.jpg,Miscellaneous
image2291.jpg,Miscellaneous
image747.jpg,Miscellaneous
image4885.jpg,Miscellaneous
image8050.jpg,Christmas_Tree
image6966.jpg,Miscellaneous
image8129.jpg,Miscellaneous
image2312.jpg,Miscellaneous
image5075.jpg,Miscellaneous
image3413.jpg,Miscellaneous
image4940.jpg,Christmas_Tree
image2913.jpg,Christmas_Tree
image8523.jpg,Christmas_Tree
image8884.jpg,Christmas_Tree
image6095.jpg,Miscellaneous
image8287.jpg,Jacket
image3613.jpg,Miscellaneous
image1898.jpg,Jacket
image1412.jpg,Christmas_Tree
image1788.jpg,Christmas_Tree
image931.jpg,Christmas_Tree
image7779.jpg,Christmas_Tree
image5743.jpg,Miscellaneous
image8227.jpg,Miscellaneous
image1452.jpg,Christmas_Tree
image7621.jpg,Christmas_Tree
image2801.jpg,Christmas_Tree
image387.jpg,Miscellaneous
image3968.jpg,Christmas_Tree
image1180.jpg,Christmas_Tree
image8447.jpg,Christmas_Tree
image6179.jpg,Christmas_Tree
image9201.jpg,Christmas_Tree
image7653.jpg,Christmas_Tree
image8245.jpg,Christmas_Tree
image3845.jpg,Miscellaneous
image253.jpg,Miscellaneous
image1790.jpg,Christmas_Tree
image1913.jpg,Christmas_Tree
image8710.jpg,Christmas_Tree
image8151.jpg,Christmas_Tree
image6589.jpg,Christmas_Tree
image2485.jpg,Christmas_Tree
image6672.jpg,Miscellaneous
image8421.jpg,Christmas_Tree
image8994.jpg,Miscellaneous
image3758.jpg,Christmas_Tree
image2229.jpg,Christmas_Tree
image8709.jpg,Christmas_Tree
image5090.jpg,Christmas_Tree
image8979.jpg,Christmas_Tree
image8967.jpg,Christmas_Tree
image5576.jpg,Christmas_Tree
image7882.jpg,Christmas_Tree
image4542.jpg,Christmas_Tree
image6251.jpg,Christmas_Tree
image4898.jpg,Miscellaneous
image5406.jpg,Christmas_Tree
image2831.jpg,Christmas_Tree
image3586.jpg,Christmas_Tree
image2304.jpg,Christmas_Tree
image2012.jpg,Christmas_Tree
image6053.jpg,Christmas_Tree
image2912.jpg,Christmas_Tree
image3308.jpg,Christmas_Tree
image1998.jpg,Christmas_Tree
image5799.jpg,Christmas_Tree
image9168.jpg,Christmas_Tree
image1850.jpg,Christmas_Tree
image5811.jpg,Miscellaneous
image8236.jpg,Christmas_Tree
image171.jpg,Christmas_Tree
image6716.jpg,Christmas_Tree
image2195.jpg,Christmas_Tree
image8960.jpg,Christmas_Tree
image8699.jpg,Christmas_Tree
image3677.jpg,Christmas_Tree
image5647.jpg,Christmas_Tree
image7096.jpg,Christmas_Tree
image4679.jpg,Christmas_Tree
image6807.jpg,Christmas_Tree
image3644.jpg,Miscellaneous
image5184.jpg,Christmas_Tree
image6465.jpg,Christmas_Tree
image2656.jpg,Christmas_Tree
image6304.jpg,Christmas_Tree
image7113.jpg,Christmas_Tree
image2227.jpg,Miscellaneous
image4297.jpg,Christmas_Tree
image9398.jpg,Snowman
image1679.jpg,Snowman
image9853.jpg,Snowman
image8395.jpg,Snowman
image7415.jpg,Snowman
image1365.jpg,Miscellaneous
image8189.jpg,Snowman
image5418.jpg,Miscellaneous
image626.jpg,Miscellaneous
image5760.jpg,Miscellaneous
image9552.jpg,Snowman
image8712.jpg,Miscellaneous
image8224.jpg,Jacket
image2956.jpg,Snowman
image1093.jpg,Snowman
image8147.jpg,Snowman
image8068.jpg,Snowman
image6163.jpg,Jacket
image2011.jpg,Jacket
image9524.jpg,Jacket
image582.jpg,Jacket
image8675.jpg,Jacket
image8542.jpg,Snowman
image770.jpg,Snowman
image686.jpg,Jacket
image8738.jpg,Jacket
image492.jpg,Jacket
image7774.jpg,Jacket
image6896.jpg,Jacket
image8571.jpg,Jacket
image7265.jpg,Jacket
image8491.jpg,Jacket
image2181.jpg,Jacket
image572.jpg,Jacket
image5849.jpg,Jacket
image5443.jpg,Jacket
image6121.jpg,Miscellaneous
image37.jpg,Jacket
image353.jpg,Jacket
image5163.jpg,Miscellaneous
image3314.jpg,Jacket
image6859.jpg,Jacket
image912.jpg,Jacket
image2581.jpg,Miscellaneous
image8315.jpg,Miscellaneous
image8576.jpg,Jacket
image7657.jpg,Miscellaneous
image5353.jpg,Airplane
image6321.jpg,Airplane
image8304.jpg,Airplane
image6516.jpg,Airplane
image553.jpg,Miscellaneous
image1289.jpg,Airplane
image7524.jpg,Airplane
image8715.jpg,Airplane
image3411.jpg,Jacket
image7879.jpg,Airplane
image3950.jpg,Candle
image3154.jpg,Airplane
image7873.jpg,Jacket
image7287.jpg,Miscellaneous
image9657.jpg,Christmas_Tree
image4564.jpg,Candle
image7710.jpg,Candle
image6037.jpg,Candle
image5678.jpg,Candle
image3803.jpg,Candle
image3770.jpg,Candle
image1550.jpg,Candle
image8393.jpg,Miscellaneous
image7405.jpg,Miscellaneous
image2190.jpg,Candle
image8403.jpg,Candle
image1709.jpg,Candle
image9465.jpg,Miscellaneous
image8033.jpg,Candle
image9218.jpg,Candle
image5922.jpg,Candle
image8064.jpg,Candle
image7213.jpg,Candle
image7471.jpg,Candle
image2731.jpg,Candle
image9516.jpg,Miscellaneous
image7574.jpg,Candle
image6415.jpg,Christmas_Tree
image7947.jpg,Candle
image2889.jpg,Miscellaneous
image2733.jpg,Candle
image5373.jpg,Candle
image6400.jpg,Airplane
image4055.jpg,Candle
image6057.jpg,Miscellaneous
image723.jpg,Miscellaneous
image6810.jpg,Miscellaneous
image9439.jpg,Miscellaneous
image4030.jpg,Miscellaneous
image9232.jpg,Miscellaneous
image6337.jpg,Jacket
image9835.jpg,Jacket
image2922.jpg,Miscellaneous
image5065.jpg,Miscellaneous
image1618.jpg,Miscellaneous
image5354.jpg,Miscellaneous
image1080.jpg,Miscellaneous
image8952.jpg,Miscellaneous
image7761.jpg,Miscellaneous
image9427.jpg,Miscellaneous
image8966.jpg,Miscellaneous
image6469.jpg,Miscellaneous
image7666.jpg,Miscellaneous
image9719.jpg,Miscellaneous
image7967.jpg,Miscellaneous
image8271.jpg,Jacket
image2573.jpg,Miscellaneous
image7090.jpg,Miscellaneous
image8923.jpg,Miscellaneous
image5965.jpg,Miscellaneous
image2502.jpg,Miscellaneous
image5931.jpg,Miscellaneous
image4965.jpg,Christmas_Tree
image7509.jpg,Miscellaneous
image3531.jpg,Airplane
image2874.jpg,Miscellaneous
image2056.jpg,Miscellaneous
image5758.jpg,Miscellaneous
image3328.jpg,Miscellaneous
image3958.jpg,Miscellaneous
image5554.jpg,Miscellaneous
image3827.jpg,Miscellaneous
image6709.jpg,Miscellaneous
image1811.jpg,Miscellaneous
image6489.jpg,Miscellaneous
image7759.jpg,Miscellaneous
image192.jpg,Miscellaneous
image3132.jpg,Miscellaneous
image9692.jpg,Miscellaneous
image7579.jpg,Airplane
image3100.jpg,Miscellaneous
image2982.jpg,Jacket
image8927.jpg,Miscellaneous
image9751.jpg,Miscellaneous
image6731.jpg,Miscellaneous
image4941.jpg,Miscellaneous
image7155.jpg,Miscellaneous
image4648.jpg,Miscellaneous
image1447.jpg,Miscellaneous
image3089.jpg,Miscellaneous
image3620.jpg,Miscellaneous
image733.jpg,Jacket
image5723.jpg,Miscellaneous
image2452.jpg,Miscellaneous
image2935.jpg,Miscellaneous
image4145.jpg,Miscellaneous
image5287.jpg,Miscellaneous
image7749.jpg,Miscellaneous
image2081.jpg,Miscellaneous
image4190.jpg,Miscellaneous
image5970.jpg,Miscellaneous
image786.jpg,Miscellaneous
image2571.jpg,Miscellaneous
image2297.jpg,Miscellaneous
image2305.jpg,Miscellaneous
image5666.jpg,Miscellaneous
image2026.jpg,Miscellaneous
image8100.jpg,Miscellaneous
image6153.jpg,Miscellaneous
image9611.jpg,Miscellaneous
image8002.jpg,Miscellaneous
image4175.jpg,Candle
image1821.jpg,Miscellaneous
image302.jpg,Miscellaneous
image7828.jpg,Miscellaneous
image404.jpg,Candle
image8300.jpg,Miscellaneous
image9266.jpg,Miscellaneous
image2669.jpg,Miscellaneous
image327.jpg,Miscellaneous
image6502.jpg,Miscellaneous
image59.jpg,Miscellaneous
image32.jpg,Miscellaneous
image5410.jpg,Miscellaneous
image7901.jpg,Miscellaneous
image6616.jpg,Miscellaneous
image1487.jpg,Miscellaneous
image2796.jpg,Miscellaneous
image6661.jpg,Miscellaneous
image3124.jpg,Miscellaneous
image2869.jpg,Miscellaneous
image8551.jpg,Miscellaneous
image2727.jpg,Miscellaneous
image1491.jpg,Jacket
image2019.jpg,Miscellaneous
image45.jpg,Miscellaneous
image4788.jpg,Jacket
image9848.jpg,Jacket
image1965.jpg,Miscellaneous
image1014.jpg,Jacket
image3702.jpg,Miscellaneous
image559.jpg,Miscellaneous
image9830.jpg,Miscellaneous
image57.jpg,Christmas_Tree
image3912.jpg,Miscellaneous
image6050.jpg,Miscellaneous
image5861.jpg,Christmas_Tree
image7268.jpg,Miscellaneous
image4230.jpg,Christmas_Tree
image1303.jpg,Christmas_Tree
image4027.jpg,Christmas_Tree
image4949.jpg,Miscellaneous
image6185.jpg,Christmas_Tree
image7511.jpg,Christmas_Tree
image830.jpg,Christmas_Tree
image8000.jpg,Christmas_Tree
image6508.jpg,Christmas_Tree
image7794.jpg,Miscellaneous
image5781.jpg,Christmas_Tree
image4547.jpg,Christmas_Tree
image5222.jpg,Christmas_Tree
image9309.jpg,Christmas_Tree
image6941.jpg,Christmas_Tree
image1029.jpg,Christmas_Tree
image216.jpg,Christmas_Tree
image1817.jpg,Christmas_Tree
image1063.jpg,Christmas_Tree
image8088.jpg,Christmas_Tree
image3342.jpg,Candle
image8849.jpg,Christmas_Tree
image9118.jpg,Christmas_Tree
image9141.jpg,Christmas_Tree
image7126.jpg,Christmas_Tree
image3856.jpg,Christmas_Tree
image9017.jpg,Christmas_Tree
image7209.jpg,Christmas_Tree
image8677.jpg,Christmas_Tree
image1637.jpg,Christmas_Tree
image8944.jpg,Christmas_Tree
image7441.jpg,Christmas_Tree
image7104.jpg,Christmas_Tree
image1978.jpg,Snowman
image2929.jpg,Miscellaneous
image9244.jpg,Christmas_Tree
image1818.jpg,Christmas_Tree
image2283.jpg,Christmas_Tree
image9632.jpg,Christmas_Tree
image4192.jpg,Christmas_Tree
image5583.jpg,Christmas_Tree
image2161.jpg,Christmas_Tree
image9670.jpg,Miscellaneous
image1558.jpg,Christmas_Tree
image1868.jpg,Christmas_Tree
image3470.jpg,Christmas_Tree
image927.jpg,Christmas_Tree
image5300.jpg,Christmas_Tree
image7528.jpg,Christmas_Tree
image3934.jpg,Christmas_Tree
image1492.jpg,Christmas_Tree
image4235.jpg,Christmas_Tree
image4489.jpg,Miscellaneous
image9434.jpg,Christmas_Tree
image5073.jpg,Christmas_Tree
image2676.jpg,Christmas_Tree
image6459.jpg,Christmas_Tree
image5582.jpg,Christmas_Tree
image9953.jpg,Christmas_Tree
image5440.jpg,Christmas_Tree
image9523.jpg,Miscellaneous
image3148.jpg,Christmas_Tree
image7467.jpg,Christmas_Tree
image2836.jpg,Snowman
image4779.jpg,Christmas_Tree
image5632.jpg,Christmas_Tree
image1263.jpg,Christmas_Tree
image1201.jpg,Christmas_Tree
image829.jpg,Christmas_Tree
image5825.jpg,Snowman
image7170.jpg,Snowman
image776.jpg,Snowman
image6434.jpg,Miscellaneous
image1417.jpg,Miscellaneous
image8652.jpg,Snowman
image6936.jpg,Snowman
image7204.jpg,Snowman
image3653.jpg,Miscellaneous
image2966.jpg,Snowman
image3526.jpg,Snowman
image9313.jpg,Snowman
image6169.jpg,Snowman
image2928.jpg,Snowman
image8426.jpg,Snowman
image8125.jpg,Snowman
image5482.jpg,Jacket
image6500.jpg,Jacket
image2154.jpg,Jacket
image3904.jpg,Jacket
image1279.jpg,Jacket
image9041.jpg,Miscellaneous
image64.jpg,Miscellaneous
image8633.jpg,Candle
image7788.jpg,Jacket
image8107.jpg,Jacket
image7582.jpg,Jacket
image7417.jpg,Jacket
image8247.jpg,Jacket
image4665.jpg,Christmas_Tree
image7933.jpg,Miscellaneous
image2143.jpg,Miscellaneous
image3881.jpg,Jacket
image6463.jpg,Jacket
image724.jpg,Jacket
image3736.jpg,Jacket
image7363.jpg,Jacket
image2034.jpg,Miscellaneous
image1097.jpg,Jacket
image5246.jpg,Jacket
image3866.jpg,Jacket
image3186.jpg,Jacket
image8326.jpg,Jacket
image8687.jpg,Jacket
image5189.jpg,Miscellaneous
image4820.jpg,Miscellaneous
image7479.jpg,Airplane
image52.jpg,Airplane
image2482.jpg,Miscellaneous
image2107.jpg,Airplane
image8384.jpg,Miscellaneous
image8670.jpg,Airplane
image2162.jpg,Airplane
image4337.jpg,Miscellaneous
image5317.jpg,Miscellaneous
image2023.jpg,Miscellaneous
image438.jpg,Airplane
image1673.jpg,Airplane
image9681.jpg,Miscellaneous
image7175.jpg,Airplane
image1181.jpg,Airplane
image8474.jpg,Miscellaneous
image8857.jpg,Airplane
image6865.jpg,Airplane
image8940.jpg,Airplane
image5160.jpg,Miscellaneous
image6149.jpg,Airplane
image2541.jpg,Airplane
image5722.jpg,Candle
image3009.jpg,Miscellaneous
image2481.jpg,Candle
image301.jpg,Candle
image3461.jpg,Miscellaneous
image5560.jpg,Candle
image9526.jpg,Candle
image5368.jpg,Candle
image8392.jpg,Miscellaneous
image7484.jpg,Candle
image1078.jpg,Candle
image9949.jpg,Candle
image6838.jpg,Candle
image1607.jpg,Candle
image9229.jpg,Candle
image6798.jpg,Candle
image5562.jpg,Miscellaneous
image3657.jpg,Candle
image66.jpg,Christmas_Tree
image4522.jpg,Candle
image3192.jpg,Candle
image3624.jpg,Christmas_Tree
image678.jpg,Candle
image7793.jpg,Christmas_Tree
image9473.jpg,Candle
image5683.jpg,Candle
image4929.jpg,Candle
image7196.jpg,Candle
image3054.jpg,Miscellaneous
image4825.jpg,Miscellaneous
image6064.jpg,Miscellaneous
image9617.jpg,Miscellaneous
image6450.jpg,Miscellaneous
image8097.jpg,Miscellaneous
image6389.jpg,Miscellaneous
image1140.jpg,Miscellaneous
image9107.jpg,Miscellaneous
image5774.jpg,Miscellaneous
image1470.jpg,Miscellaneous
image9163.jpg,Miscellaneous
image6307.jpg,Miscellaneous
image860.jpg,Jacket
image5621.jpg,Miscellaneous
image4018.jpg,Miscellaneous
image7446.jpg,Jacket
image5024.jpg,Miscellaneous
image160.jpg,Miscellaneous
image5363.jpg,Miscellaneous
image8611.jpg,Miscellaneous
image7883.jpg,Airplane
image804.jpg,Miscellaneous
image4887.jpg,Miscellaneous
image418.jpg,Miscellaneous
image9190.jpg,Miscellaneous
image2180.jpg,Miscellaneous
image2343.jpg,Miscellaneous
image1280.jpg,Miscellaneous
image675.jpg,Miscellaneous
image3390.jpg,Miscellaneous
image5321.jpg,Miscellaneous
image6247.jpg,Miscellaneous
image7066.jpg,Miscellaneous
image2337.jpg,Miscellaneous
image9849.jpg,Snowman
image2975.jpg,Miscellaneous
image380.jpg,Miscellaneous
image2983.jpg,Miscellaneous
image8568.jpg,Miscellaneous
image7565.jpg,Miscellaneous
image7184.jpg,Miscellaneous
image2887.jpg,Miscellaneous
image9078.jpg,Miscellaneous
image7423.jpg,Miscellaneous
image3601.jpg,Miscellaneous
image5613.jpg,Miscellaneous
image7147.jpg,Miscellaneous
image215.jpg,Miscellaneous
image3259.jpg,Miscellaneous
image3349.jpg,Miscellaneous
image2289.jpg,Miscellaneous
image8761.jpg,Miscellaneous
image8336.jpg,Miscellaneous
image4517.jpg,Miscellaneous
image7444.jpg,Miscellaneous
image6131.jpg,Miscellaneous
image5545.jpg,Miscellaneous
image3167.jpg,Miscellaneous
image8645.jpg,Miscellaneous
image8668.jpg,Miscellaneous
image8290.jpg,Miscellaneous
image7181.jpg,Jacket
image3954.jpg,Miscellaneous
image5927.jpg,Miscellaneous
image3925.jpg,Miscellaneous
image4243.jpg,Miscellaneous
image2732.jpg,Airplane
image1019.jpg,Miscellaneous
image2314.jpg,Miscellaneous
image5049.jpg,Miscellaneous
image9876.jpg,Miscellaneous
image2648.jpg,Miscellaneous
image9956.jpg,Miscellaneous
image3584.jpg,Miscellaneous
image1529.jpg,Miscellaneous
image2696.jpg,Miscellaneous
image5828.jpg,Miscellaneous
image8301.jpg,Miscellaneous
image5311.jpg,Miscellaneous
image4853.jpg,Miscellaneous
image1534.jpg,Miscellaneous
image4246.jpg,Miscellaneous
image8117.jpg,Miscellaneous
image3217.jpg,Candle
image7660.jpg,Miscellaneous
image3451.jpg,Miscellaneous
image2687.jpg,Miscellaneous
image8610.jpg,Miscellaneous
image4478.jpg,Miscellaneous
image6317.jpg,Miscellaneous
image5961.jpg,Miscellaneous
image2991.jpg,Miscellaneous
image2931.jpg,Miscellaneous
image5101.jpg,Miscellaneous
image8472.jpg,Miscellaneous
image8883.jpg,Miscellaneous
image4352.jpg,Miscellaneous
image2309.jpg,Miscellaneous
image1024.jpg,Miscellaneous
image8962.jpg,Miscellaneous
image2484.jpg,Miscellaneous
image7711.jpg,Miscellaneous
image8288.jpg,Miscellaneous
image3223.jpg,Miscellaneous
image1265.jpg,Miscellaneous
image241.jpg,Miscellaneous
image8545.jpg,Miscellaneous
image5386.jpg,Miscellaneous
image3430.jpg,Jacket
image6152.jpg,Miscellaneous
image176.jpg,Candle
image1480.jpg,Jacket
image6066.jpg,Jacket
image9105.jpg,Miscellaneous
image1218.jpg,Christmas_Tree
image284.jpg,Miscellaneous
image487.jpg,Christmas_Tree
image2847.jpg,Christmas_Tree
image2850.jpg,Christmas_Tree
image4716.jpg,Miscellaneous
image4740.jpg,Miscellaneous
image2301.jpg,Christmas_Tree
image8072.jpg,Christmas_Tree
image9834.jpg,Miscellaneous
image9183.jpg,Miscellaneous
image5891.jpg,Candle
image7210.jpg,Christmas_Tree
image9426.jpg,Christmas_Tree
image2400.jpg,Christmas_Tree
image5610.jpg,Miscellaneous
image6565.jpg,Christmas_Tree
image6527.jpg,Christmas_Tree
image4563.jpg,Christmas_Tree
image3389.jpg,Christmas_Tree
image1948.jpg,Christmas_Tree
image9223.jpg,Christmas_Tree
image7144.jpg,Christmas_Tree
image3810.jpg,Miscellaneous
image1783.jpg,Christmas_Tree
image2439.jpg,Christmas_Tree
image3588.jpg,Christmas_Tree
image187.jpg,Christmas_Tree
image8524.jpg,Snowman
image1906.jpg,Snowman
image688.jpg,Snowman
image5407.jpg,Christmas_Tree
image3301.jpg,Christmas_Tree
image1902.jpg,Snowman
image2545.jpg,Snowman
image1183.jpg,Snowman
image1484.jpg,Miscellaneous
image9859.jpg,Jacket
image1277.jpg,Jacket
image2628.jpg,Miscellaneous
image9685.jpg,Snowman
image9028.jpg,Jacket
image3578.jpg,Jacket
image6340.jpg,Jacket
image2171.jpg,Jacket
image5585.jpg,Miscellaneous
image7723.jpg,Jacket
image8807.jpg,Jacket
image3015.jpg,Jacket
image2984.jpg,Jacket
image997.jpg,Miscellaneous
image1406.jpg,Jacket
image8970.jpg,Jacket
image8982.jpg,Jacket
image2045.jpg,Jacket
image7447.jpg,Jacket
image1021.jpg,Jacket
image7706.jpg,Miscellaneous
image2821.jpg,Miscellaneous
image5511.jpg,Jacket
image1139.jpg,Miscellaneous
image1399.jpg,Miscellaneous
image5973.jpg,Miscellaneous
image1752.jpg,Airplane
image5390.jpg,Miscellaneous
image2667.jpg,Miscellaneous
image7824.jpg,Airplane
image1242.jpg,Airplane
image1773.jpg,Miscellaneous
image4188.jpg,Airplane
image4688.jpg,Airplane
image755.jpg,Airplane
image2099.jpg,Airplane
image107.jpg,Airplane
image5516.jpg,Jacket
image3184.jpg,Miscellaneous
image7266.jpg,Candle
image7581.jpg,Miscellaneous
image9740.jpg,Candle
image8241.jpg,Christmas_Tree
image7442.jpg,Candle
image6714.jpg,Miscellaneous
image4300.jpg,Candle
image8909.jpg,Candle
image9279.jpg,Candle
image3213.jpg,Candle
image2941.jpg,Candle
image613.jpg,Candle
image5877.jpg,Miscellaneous
image8185.jpg,Miscellaneous
image4185.jpg,Miscellaneous
image8933.jpg,Miscellaneous
image2621.jpg,Miscellaneous
image2699.jpg,Miscellaneous
image4749.jpg,Miscellaneous
image2630.jpg,Miscellaneous
image86.jpg,Miscellaneous
image6728.jpg,Miscellaneous
image2138.jpg,Miscellaneous
image6168.jpg,Miscellaneous
image5081.jpg,Miscellaneous
image9446.jpg,Miscellaneous
image7086.jpg,Miscellaneous
image527.jpg,Miscellaneous
image2386.jpg,Miscellaneous
image322.jpg,Miscellaneous
image8810.jpg,Miscellaneous
image3159.jpg,Miscellaneous
image5115.jpg,Miscellaneous
image4306.jpg,Jacket
image7124.jpg,Miscellaneous
image4971.jpg,Miscellaneous
image2396.jpg,Miscellaneous
image436.jpg,Miscellaneous
image5561.jpg,Miscellaneous
image9203.jpg,Miscellaneous
image2840.jpg,Miscellaneous
image9941.jpg,Miscellaneous
image3357.jpg,Miscellaneous
image8219.jpg,Miscellaneous
image8516.jpg,Miscellaneous
image1871.jpg,Miscellaneous
image9919.jpg,Miscellaneous
image4441.jpg,Miscellaneous
image2718.jpg,Miscellaneous
image8071.jpg,Miscellaneous
image4560.jpg,Miscellaneous
image7537.jpg,Miscellaneous
image4501.jpg,Miscellaneous
image2907.jpg,Miscellaneous
image1204.jpg,Miscellaneous
image6352.jpg,Miscellaneous
image8051.jpg,Miscellaneous
image690.jpg,Miscellaneous
image4541.jpg,Miscellaneous
image5581.jpg,Miscellaneous
image4201.jpg,Miscellaneous
image9018.jpg,Miscellaneous
image8711.jpg,Miscellaneous
image2497.jpg,Jacket
image9943.jpg,Jacket
image8328.jpg,Jacket
image9947.jpg,Miscellaneous
image7894.jpg,Miscellaneous
image7583.jpg,Miscellaneous
image7043.jpg,Miscellaneous
image701.jpg,Christmas_Tree
image6256.jpg,Christmas_Tree
image5827.jpg,Christmas_Tree
image3279.jpg,Christmas_Tree
image650.jpg,Christmas_Tree
image4022.jpg,Miscellaneous
image267.jpg,Christmas_Tree
image8137.jpg,Christmas_Tree
image1505.jpg,Christmas_Tree
image7055.jpg,Christmas_Tree
image8225.jpg,Christmas_Tree
image2766.jpg,Christmas_Tree
image4133.jpg,Christmas_Tree
image2973.jpg,Christmas_Tree
image6072.jpg,Christmas_Tree
image5310.jpg,Christmas_Tree
image5256.jpg,Christmas_Tree
image6572.jpg,Christmas_Tree
image3749.jpg,Christmas_Tree
image4872.jpg,Christmas_Tree
image7917.jpg,Christmas_Tree
image4869.jpg,Christmas_Tree
image1730.jpg,Miscellaneous
image585.jpg,Miscellaneous
image6432.jpg,Christmas_Tree
image335.jpg,Miscellaneous
image9373.jpg,Christmas_Tree
image4730.jpg,Christmas_Tree
image6768.jpg,Christmas_Tree
image5896.jpg,Christmas_Tree
image7127.jpg,Christmas_Tree
image7226.jpg,Christmas_Tree
image3385.jpg,Christmas_Tree
image3897.jpg,Christmas_Tree
image9174.jpg,Christmas_Tree
image4498.jpg,Christmas_Tree
image5326.jpg,Christmas_Tree
image4798.jpg,Christmas_Tree
image8023.jpg,Miscellaneous
image2868.jpg,Christmas_Tree
image5858.jpg,Christmas_Tree
image8470.jpg,Christmas_Tree
image1142.jpg,Christmas_Tree
image2182.jpg,Christmas_Tree
image6568.jpg,Christmas_Tree
image2635.jpg,Christmas_Tree
image8990.jpg,Christmas_Tree
image5301.jpg,Christmas_Tree
image3053.jpg,Christmas_Tree
image593.jpg,Christmas_Tree
image5054.jpg,Christmas_Tree
image9705.jpg,Miscellaneous
image4804.jpg,Christmas_Tree
image5776.jpg,Miscellaneous
image7329.jpg,Miscellaneous
image8526.jpg,Christmas_Tree
image8390.jpg,Christmas_Tree
image5987.jpg,Christmas_Tree
image7094.jpg,Christmas_Tree
image2597.jpg,Christmas_Tree
image6054.jpg,Christmas_Tree
image5699.jpg,Christmas_Tree
image7052.jpg,Snowman
image9631.jpg,Miscellaneous
image2944.jpg,Christmas_Tree
image8172.jpg,Christmas_Tree
image8235.jpg,Christmas_Tree
image7058.jpg,Christmas_Tree
image2780.jpg,Christmas_Tree
image6624.jpg,Christmas_Tree
image9051.jpg,Christmas_Tree
image5935.jpg,Christmas_Tree
image5812.jpg,Christmas_Tree
image5445.jpg,Christmas_Tree
image1606.jpg,Christmas_Tree
image9125.jpg,Christmas_Tree
image2616.jpg,Christmas_Tree
image5053.jpg,Christmas_Tree
image1547.jpg,Christmas_Tree
image6725.jpg,Christmas_Tree
image8725.jpg,Christmas_Tree
image6214.jpg,Christmas_Tree
image9329.jpg,Christmas_Tree
image5648.jpg,Christmas_Tree
image7720.jpg,Christmas_Tree
image1639.jpg,Christmas_Tree
image4426.jpg,Snowman
image1230.jpg,Miscellaneous
image1435.jpg,Snowman
image4533.jpg,Miscellaneous
image4854.jpg,Snowman
image9500.jpg,Miscellaneous
image2905.jpg,Miscellaneous
image498.jpg,Airplane
image5135.jpg,Jacket
image5634.jpg,Miscellaneous
image1576.jpg,Miscellaneous
image1596.jpg,Snowman
image7957.jpg,Snowman
image3905.jpg,Snowman
image4150.jpg,Jacket
image534.jpg,Snowman
image7639.jpg,Jacket
image1283.jpg,Jacket
image2002.jpg,Jacket
image7969.jpg,Jacket
image9721.jpg,Jacket
image7691.jpg,Snowman
image665.jpg,Jacket
image5653.jpg,Miscellaneous
image5145.jpg,Jacket
image6759.jpg,Jacket
image9560.jpg,Jacket
image4098.jpg,Jacket
image6481.jpg,Jacket
image1687.jpg,Jacket
image1062.jpg,Jacket
image1466.jpg,Jacket
image6640.jpg,Jacket
image8118.jpg,Jacket
image4448.jpg,Jacket
image1055.jpg,Jacket
image9417.jpg,Miscellaneous
image5278.jpg,Airplane
image7640.jpg,Airplane
image4982.jpg,Airplane
image6833.jpg,Miscellaneous
image6483.jpg,Miscellaneous
image5002.jpg,Airplane
image2720.jpg,Airplane
image7564.jpg,Airplane
image5953.jpg,Airplane
image5771.jpg,Miscellaneous
image2614.jpg,Miscellaneous
image74.jpg,Airplane
image5913.jpg,Airplane
image5952.jpg,Airplane
image4336.jpg,Miscellaneous
image6504.jpg,Airplane
image4753.jpg,Miscellaneous
image9716.jpg,Miscellaneous
image8463.jpg,Airplane
image9064.jpg,Airplane
image1177.jpg,Miscellaneous
image7111.jpg,Airplane
image8594.jpg,Miscellaneous
image3346.jpg,Airplane
image4689.jpg,Airplane
image8343.jpg,Airplane
image1683.jpg,Miscellaneous
image7234.jpg,Airplane
image768.jpg,Christmas_Tree
image8723.jpg,Candle
image3756.jpg,Miscellaneous
image526.jpg,Candle
image281.jpg,Miscellaneous
image5438.jpg,Candle
image502.jpg,Candle
image4897.jpg,Miscellaneous
image6895.jpg,Miscellaneous
image6385.jpg,Candle
image1061.jpg,Miscellaneous
image3469.jpg,Miscellaneous
image1245.jpg,Miscellaneous
image460.jpg,Miscellaneous
image9038.jpg,Candle
image1820.jpg,Candle
image4786.jpg,Candle
image2987.jpg,Jacket
image7870.jpg,Miscellaneous
image2873.jpg,Candle
image233.jpg,Candle
image5260.jpg,Miscellaneous
image8872.jpg,Miscellaneous
image2815.jpg,Miscellaneous
image1171.jpg,Candle
image2786.jpg,Miscellaneous
image2978.jpg,Christmas_Tree
image6964.jpg,Airplane
image5860.jpg,Christmas_Tree
image1472.jpg,Miscellaneous
image4248.jpg,Miscellaneous
image8347.jpg,Jacket
image2510.jpg,Miscellaneous
image7283.jpg,Miscellaneous
image49.jpg,Miscellaneous
image4292.jpg,Miscellaneous
image3344.jpg,Miscellaneous
image444.jpg,Miscellaneous
image6719.jpg,Miscellaneous
image4160.jpg,Jacket
image1138.jpg,Miscellaneous
image1228.jpg,Miscellaneous
image6711.jpg,Christmas_Tree
image5458.jpg,Miscellaneous
image4694.jpg,Miscellaneous
image8015.jpg,Miscellaneous
image2127.jpg,Miscellaneous
image4409.jpg,Miscellaneous
image7924.jpg,Miscellaneous
image8636.jpg,Miscellaneous
image8111.jpg,Miscellaneous
image2594.jpg,Miscellaneous
image4328.jpg,Miscellaneous
image7109.jpg,Miscellaneous
image4302.jpg,Miscellaneous
image297.jpg,Jacket
image4456.jpg,Airplane
image5064.jpg,Miscellaneous
image5702.jpg,Miscellaneous
image6332.jpg,Miscellaneous
image5943.jpg,Miscellaneous
image299.jpg,Miscellaneous
image3854.jpg,Miscellaneous
image360.jpg,Miscellaneous
image979.jpg,Miscellaneous
image4104.jpg,Miscellaneous
image5293.jpg,Miscellaneous
image8176.jpg,Miscellaneous
image4431.jpg,Miscellaneous
image6038.jpg,Miscellaneous
image9470.jpg,Miscellaneous
image811.jpg,Miscellaneous
image4373.jpg,Miscellaneous
image6924.jpg,Miscellaneous
image2542.jpg,Miscellaneous
image8249.jpg,Airplane
image2380.jpg,Miscellaneous
image4575.jpg,Miscellaneous
image2256.jpg,Miscellaneous
image9609.jpg,Miscellaneous
image9386.jpg,Miscellaneous
image4761.jpg,Miscellaneous
image3074.jpg,Miscellaneous
image9116.jpg,Miscellaneous
image3484.jpg,Christmas_Tree
image2374.jpg,Jacket
image5045.jpg,Miscellaneous
image9901.jpg,Miscellaneous
image228.jpg,Miscellaneous
image636.jpg,Miscellaneous
image871.jpg,Miscellaneous
image7610.jpg,Miscellaneous
image292.jpg,Miscellaneous
image2183.jpg,Miscellaneous
image6125.jpg,Miscellaneous
image5194.jpg,Miscellaneous
image6929.jpg,Miscellaneous
image5456.jpg,Miscellaneous
image792.jpg,Miscellaneous
image7503.jpg,Miscellaneous
image6548.jpg,Miscellaneous
image8660.jpg,Miscellaneous
image4481.jpg,Miscellaneous
image1073.jpg,Miscellaneous
image4911.jpg,Miscellaneous
image8295.jpg,Miscellaneous
image1457.jpg,Snowman
image2688.jpg,Miscellaneous
image4449.jpg,Miscellaneous
image1188.jpg,Miscellaneous
image2872.jpg,Miscellaneous
image5629.jpg,Miscellaneous
image9372.jpg,Miscellaneous
image6472.jpg,Jacket
image1962.jpg,Miscellaneous
image2488.jpg,Miscellaneous
image5117.jpg,Miscellaneous
image2515.jpg,Miscellaneous
image4313.jpg,Miscellaneous
image7892.jpg,Miscellaneous
image5394.jpg,Miscellaneous
image778.jpg,Miscellaneous
image507.jpg,Miscellaneous
image7437.jpg,Miscellaneous
image2201.jpg,Miscellaneous
image5839.jpg,Miscellaneous
image4374.jpg,Miscellaneous
image1462.jpg,Miscellaneous
image2135.jpg,Miscellaneous
image881.jpg,Miscellaneous
image8922.jpg,Jacket
image3250.jpg,Jacket
image3804.jpg,Miscellaneous
image4226.jpg,Miscellaneous
image4205.jpg,Miscellaneous
image1633.jpg,Airplane
image3244.jpg,Miscellaneous
image4738.jpg,Miscellaneous
image2392.jpg,Miscellaneous
image7392.jpg,Christmas_Tree
image2247.jpg,Christmas_Tree
image8975.jpg,Christmas_Tree
image1018.jpg,Christmas_Tree
image975.jpg,Miscellaneous
image6818.jpg,Christmas_Tree
image300.jpg,Miscellaneous
image87.jpg,Christmas_Tree
image452.jpg,Christmas_Tree
image3537.jpg,Miscellaneous
image4410.jpg,Christmas_Tree
image9464.jpg,Christmas_Tree
image8574.jpg,Christmas_Tree
image652.jpg,Christmas_Tree
image2168.jpg,Christmas_Tree
image8616.jpg,Christmas_Tree
image2331.jpg,Christmas_Tree
image7576.jpg,Christmas_Tree
image8908.jpg,Christmas_Tree
image9270.jpg,Christmas_Tree
image4710.jpg,Christmas_Tree
image5710.jpg,Christmas_Tree
image9292.jpg,Christmas_Tree
image2244.jpg,Christmas_Tree
image8612.jpg,Christmas_Tree
image3614.jpg,Miscellaneous
image7991.jpg,Christmas_Tree
image7885.jpg,Christmas_Tree
image7515.jpg,Christmas_Tree
image9547.jpg,Christmas_Tree
image3187.jpg,Christmas_Tree
image8989.jpg,Christmas_Tree
image60.jpg,Christmas_Tree
image362.jpg,Christmas_Tree
image5494.jpg,Jacket
image2175.jpg,Christmas_Tree
image494.jpg,Christmas_Tree
image9251.jpg,Christmas_Tree
image2783.jpg,Christmas_Tree
image4642.jpg,Miscellaneous
image3525.jpg,Miscellaneous
image2300.jpg,Christmas_Tree
image7098.jpg,Miscellaneous
image3333.jpg,Christmas_Tree
image1351.jpg,Christmas_Tree
image8417.jpg,Christmas_Tree
image1791.jpg,Christmas_Tree
image1161.jpg,Christmas_Tree
image9872.jpg,Christmas_Tree
image2888.jpg,Miscellaneous
image1555.jpg,Christmas_Tree
image4288.jpg,Miscellaneous
image4287.jpg,Christmas_Tree
image4034.jpg,Christmas_Tree
image7709.jpg,Christmas_Tree
image7462.jpg,Christmas_Tree
image4475.jpg,Christmas_Tree
image1815.jpg,Christmas_Tree
image7422.jpg,Christmas_Tree
image654.jpg,Christmas_Tree
image7075.jpg,Christmas_Tree
image1996.jpg,Christmas_Tree
image3392.jpg,Christmas_Tree
image3507.jpg,Snowman
image5034.jpg,Miscellaneous
image5305.jpg,Snowman
image5674.jpg,Snowman
image5404.jpg,Miscellaneous
image345.jpg,Miscellaneous
image7286.jpg,Christmas_Tree
image4438.jpg,Miscellaneous
image2933.jpg,Miscellaneous
image5039.jpg,Snowman
image4622.jpg,Miscellaneous
image7807.jpg,Jacket
image8588.jpg,Miscellaneous
image340.jpg,Miscellaneous
image2351.jpg,Snowman
image3495.jpg,Snowman
image4446.jpg,Miscellaneous
image2646.jpg,Jacket
image4209.jpg,Jacket
image3082.jpg,Miscellaneous
image3830.jpg,Jacket
image3252.jpg,Miscellaneous
image520.jpg,Miscellaneous
image4620.jpg,Snowman
image2298.jpg,Jacket
image305.jpg,Jacket
image4378.jpg,Jacket
image6832.jpg,Jacket
image298.jpg,Jacket
image5461.jpg,Jacket
image8803.jpg,Miscellaneous
image1843.jpg,Jacket
image2123.jpg,Jacket
image7783.jpg,Jacket
image9305.jpg,Jacket
image6329.jpg,Jacket
image386.jpg,Candle
image7253.jpg,Jacket
image8101.jpg,Jacket
image6909.jpg,Miscellaneous
image7903.jpg,Snowman
image1424.jpg,Jacket
image3793.jpg,Jacket
image4414.jpg,Jacket
image9788.jpg,Jacket
image6533.jpg,Jacket
image3945.jpg,Jacket
image9898.jpg,Jacket
image6051.jpg,Miscellaneous
image2997.jpg,Miscellaneous
image9418.jpg,Airplane
image6852.jpg,Miscellaneous
image4370.jpg,Miscellaneous
image5105.jpg,Miscellaneous
image7893.jpg,Miscellaneous
image8707.jpg,Miscellaneous
image4704.jpg,Miscellaneous
image2950.jpg,Airplane
image4839.jpg,Miscellaneous
image6609.jpg,Airplane
image8751.jpg,Airplane
image2911.jpg,Airplane
image2350.jpg,Airplane
image7336.jpg,Miscellaneous
image5296.jpg,Airplane
image2842.jpg,Airplane
image9912.jpg,Airplane
image984.jpg,Airplane
image7097.jpg,Miscellaneous
image9654.jpg,Miscellaneous
image9259.jpg,Airplane
image6104.jpg,Airplane
image8394.jpg,Airplane
image6198.jpg,Miscellaneous
image9880.jpg,Miscellaneous
image4821.jpg,Airplane
image61.jpg,Airplane
image6862.jpg,Candle
image6806.jpg,Miscellaneous
image3557.jpg,Christmas_Tree
image6791.jpg,Miscellaneous
image9286.jpg,Candle
image1621.jpg,Miscellaneous
image1459.jpg,Candle
image7215.jpg,Miscellaneous
image5777.jpg,Candle
image8307.jpg,Candle
image27.jpg,Candle
image6314.jpg,Candle
image3762.jpg,Miscellaneous
image1778.jpg,Miscellaneous
image3582.jpg,Candle
image6068.jpg,Miscellaneous
image6074.jpg,Candle
image8367.jpg,Candle
image5813.jpg,Candle
image9075.jpg,Jacket
image2438.jpg,Candle
image9640.jpg,Miscellaneous
image9006.jpg,Jacket
image1789.jpg,Miscellaneous
image8943.jpg,Airplane
image6539.jpg,Miscellaneous
image6290.jpg,Miscellaneous
image5427.jpg,Miscellaneous
image6288.jpg,Miscellaneous
image2457.jpg,Miscellaneous
image3219.jpg,Miscellaneous
image9187.jpg,Miscellaneous
image206.jpg,Miscellaneous
image4850.jpg,Miscellaneous
image7178.jpg,Jacket
image6577.jpg,Miscellaneous
image9664.jpg,Airplane
image6471.jpg,Miscellaneous
image2960.jpg,Miscellaneous
image2384.jpg,Miscellaneous
image9124.jpg,Miscellaneous
image5362.jpg,Jacket
image165.jpg,Miscellaneous
image1527.jpg,Christmas_Tree
image5291.jpg,Miscellaneous
image5954.jpg,Christmas_Tree
image3541.jpg,Miscellaneous
image7628.jpg,Miscellaneous
image771.jpg,Miscellaneous
image2560.jpg,Miscellaneous
image6919.jpg,Miscellaneous
image6973.jpg,Miscellaneous
image329.jpg,Miscellaneous
image5106.jpg,Airplane
image6144.jpg,Miscellaneous
image8215.jpg,Miscellaneous
image8892.jpg,Miscellaneous
image3746.jpg,Miscellaneous
image9737.jpg,Miscellaneous
image6452.jpg,Miscellaneous
image6491.jpg,Miscellaneous
image9618.jpg,Miscellaneous
image7674.jpg,Miscellaneous
image2170.jpg,Miscellaneous
image1488.jpg,Christmas_Tree
image5191.jpg,Candle
image3032.jpg,Miscellaneous
image5571.jpg,Miscellaneous
image5367.jpg,Miscellaneous
image1916.jpg,Airplane
image8065.jpg,Miscellaneous
image8382.jpg,Miscellaneous
image4931.jpg,Miscellaneous
image4602.jpg,Jacket
image2856.jpg,Miscellaneous
image4505.jpg,Miscellaneous
image8582.jpg,Jacket
image8565.jpg,Miscellaneous
image7472.jpg,Miscellaneous
image4325.jpg,Miscellaneous
image1622.jpg,Miscellaneous
image6871.jpg,Miscellaneous
image8017.jpg,Miscellaneous
image8905.jpg,Miscellaneous
image7117.jpg,Miscellaneous
image4842.jpg,Miscellaneous
image8096.jpg,Miscellaneous
image7308.jpg,Miscellaneous
image734.jpg,Miscellaneous
image3638.jpg,Miscellaneous
image1386.jpg,Miscellaneous
image3456.jpg,Miscellaneous
image5425.jpg,Jacket
image6222.jpg,Miscellaneous
image9144.jpg,Miscellaneous
image8691.jpg,Miscellaneous
image6021.jpg,Miscellaneous
image3928.jpg,Miscellaneous
image4450.jpg,Miscellaneous
image2750.jpg,Miscellaneous
image6937.jpg,Miscellaneous
image4555.jpg,Miscellaneous
image1461.jpg,Miscellaneous
image8292.jpg,Miscellaneous
image4994.jpg,Miscellaneous
image1551.jpg,Miscellaneous
image6959.jpg,Miscellaneous
image2320.jpg,Miscellaneous
image3831.jpg,Miscellaneous
image7403.jpg,Miscellaneous
image8596.jpg,Miscellaneous
image571.jpg,Miscellaneous
image5299.jpg,Miscellaneous
image7206.jpg,Miscellaneous
image9224.jpg,Miscellaneous
image5467.jpg,Miscellaneous
image3581.jpg,Miscellaneous
image8446.jpg,Miscellaneous
image683.jpg,Miscellaneous
image7938.jpg,Miscellaneous
image2293.jpg,Miscellaneous
image6542.jpg,Miscellaneous
image1822.jpg,Miscellaneous
image4253.jpg,Miscellaneous
image5967.jpg,Miscellaneous
image4075.jpg,Miscellaneous
image8859.jpg,Miscellaneous
image9059.jpg,Miscellaneous
image569.jpg,Miscellaneous
image357.jpg,Miscellaneous
image9499.jpg,Miscellaneous
image4532.jpg,Miscellaneous
image6392.jpg,Miscellaneous
image1807.jpg,Miscellaneous
image5662.jpg,Miscellaneous
image8771.jpg,Miscellaneous
image5608.jpg,Miscellaneous
image4016.jpg,Miscellaneous
image6675.jpg,Miscellaneous
image5974.jpg,Jacket
image9596.jpg,Christmas_Tree
image2425.jpg,Jacket
image6927.jpg,Jacket
image1869.jpg,Jacket
image2087.jpg,Miscellaneous
image3466.jpg,Miscellaneous
image9790.jpg,Miscellaneous
image3973.jpg,Jacket
image222.jpg,Christmas_Tree
image8991.jpg,Christmas_Tree
image1917.jpg,Christmas_Tree
image684.jpg,Miscellaneous
image8355.jpg,Christmas_Tree
image8590.jpg,Christmas_Tree
image7366.jpg,Christmas_Tree
image1114.jpg,Candle
image7077.jpg,Christmas_Tree
image615.jpg,Christmas_Tree
image4903.jpg,Christmas_Tree
image2402.jpg,Christmas_Tree
image2894.jpg,Christmas_Tree
image6246.jpg,Miscellaneous
image3645.jpg,Christmas_Tree
image7898.jpg,Christmas_Tree
image4221.jpg,Miscellaneous
image691.jpg,Christmas_Tree
image8648.jpg,Christmas_Tree
image4497.jpg,Christmas_Tree
image7278.jpg,Christmas_Tree
image5786.jpg,Christmas_Tree
image4117.jpg,Christmas_Tree
image7222.jpg,Christmas_Tree
image646.jpg,Christmas_Tree
image4234.jpg,Christmas_Tree
image2661.jpg,Airplane
image4867.jpg,Christmas_Tree
image2540.jpg,Christmas_Tree
image5596.jpg,Christmas_Tree
image6641.jpg,Christmas_Tree
image660.jpg,Christmas_Tree
image2619.jpg,Miscellaneous
image8120.jpg,Christmas_Tree
image5120.jpg,Christmas_Tree
image5036.jpg,Christmas_Tree
image2360.jpg,Miscellaneous
image7198.jpg,Miscellaneous
image1738.jpg,Miscellaneous
image30.jpg,Christmas_Tree
image2491.jpg,Snowman
image669.jpg,Christmas_Tree
image1440.jpg,Christmas_Tree
image6996.jpg,Snowman
image5921.jpg,Christmas_Tree
image8950.jpg,Miscellaneous
image3896.jpg,Christmas_Tree
image3885.jpg,Christmas_Tree
image129.jpg,Christmas_Tree
image6729.jpg,Christmas_Tree
image2505.jpg,Christmas_Tree
image6697.jpg,Christmas_Tree
image4357.jpg,Christmas_Tree
image6918.jpg,Christmas_Tree
image9750.jpg,Christmas_Tree
image3090.jpg,Miscellaneous
image139.jpg,Christmas_Tree
image5277.jpg,Christmas_Tree
image318.jpg,Candle
image7683.jpg,Miscellaneous
image3648.jpg,Christmas_Tree
image6122.jpg,Miscellaneous
image4568.jpg,Christmas_Tree
image9148.jpg,Christmas_Tree
image575.jpg,Christmas_Tree
image1429.jpg,Miscellaneous
image7679.jpg,Miscellaneous
image276.jpg,Christmas_Tree
image4822.jpg,Miscellaneous
image1523.jpg,Christmas_Tree
image700.jpg,Christmas_Tree
image5914.jpg,Miscellaneous
image7558.jpg,Christmas_Tree
image1614.jpg,Snowman
image4198.jpg,Miscellaneous
image4070.jpg,Snowman
image3772.jpg,Snowman
image1498.jpg,Snowman
image7755.jpg,Snowman
image2164.jpg,Miscellaneous
image9388.jpg,Miscellaneous
image3247.jpg,Jacket
image8917.jpg,Jacket
image6124.jpg,Jacket
image8587.jpg,Snowman
image4682.jpg,Snowman
image1861.jpg,Miscellaneous
image5897.jpg,Jacket
image7562.jpg,Miscellaneous
image837.jpg,Snowman
image2399.jpg,Jacket
image1042.jpg,Jacket
image7427.jpg,Jacket
image3420.jpg,Jacket
image3312.jpg,Jacket
image2685.jpg,Jacket
image462.jpg,Jacket
image390.jpg,Jacket
image4609.jpg,Jacket
image992.jpg,Jacket
image7059.jpg,Jacket
image4946.jpg,Jacket
image942.jpg,Jacket
image3040.jpg,Jacket
image3363.jpg,Jacket
image5258.jpg,Jacket
image4916.jpg,Jacket
image6449.jpg,Miscellaneous
image1660.jpg,Miscellaneous
image7044.jpg,Miscellaneous
image4255.jpg,Airplane
image1030.jpg,Airplane
image2924.jpg,Miscellaneous
image8339.jpg,Airplane
image5746.jpg,Airplane
image3937.jpg,Airplane
image8351.jpg,Airplane
image1052.jpg,Airplane
image5530.jpg,Miscellaneous
image3233.jpg,Miscellaneous
image8907.jpg,Airplane
image3911.jpg,Airplane
image8924.jpg,Airplane
image126.jpg,Miscellaneous
image893.jpg,Airplane
image9676.jpg,Miscellaneous
image105.jpg,Airplane
image8142.jpg,Miscellaneous
image7258.jpg,Miscellaneous
image5158.jpg,Airplane
image9332.jpg,Candle
image2358.jpg,Miscellaneous
image9960.jpg,Candle
image6350.jpg,Miscellaneous
image1796.jpg,Christmas_Tree
image4690.jpg,Candle
image7535.jpg,Candle
image9868.jpg,Candle
image8459.jpg,Candle
image2513.jpg,Candle
image2876.jpg,Miscellaneous
image4082.jpg,Candle
image9338.jpg,Candle
image6069.jpg,Candle
image1344.jpg,Miscellaneous
image2273.jpg,Candle
image7687.jpg,Candle
image7547.jpg,Candle
image2620.jpg,Miscellaneous
image4108.jpg,Candle
image6523.jpg,Candle
image563.jpg,Candle
image4125.jpg,Candle
image9905.jpg,Candle
image4349.jpg,Airplane
image9766.jpg,Miscellaneous
image6159.jpg,Candle
image5810.jpg,Candle
image4849.jpg,Miscellaneous
image6278.jpg,Christmas_Tree
image3564.jpg,Miscellaneous
image3960.jpg,Miscellaneous
image8507.jpg,Candle
image4004.jpg,Miscellaneous
image7057.jpg,Miscellaneous
image874.jpg,Airplane
image9496.jpg,Miscellaneous
image229.jpg,Snowman
image4836.jpg,Miscellaneous
image9209.jpg,Miscellaneous
image6683.jpg,Airplane
image577.jpg,Miscellaneous
image1795.jpg,Miscellaneous
image5343.jpg,Airplane
image987.jpg,Miscellaneous
image508.jpg,Miscellaneous
image4807.jpg,Miscellaneous
image3952.jpg,Miscellaneous
image3771.jpg,Miscellaneous
image6405.jpg,Miscellaneous
image4453.jpg,Miscellaneous
image9703.jpg,Airplane
image6877.jpg,Miscellaneous
image9544.jpg,Miscellaneous
image8238.jpg,Miscellaneous
image5507.jpg,Airplane
image4254.jpg,Miscellaneous
image982.jpg,Miscellaneous
image4054.jpg,Miscellaneous
image5884.jpg,Miscellaneous
image3612.jpg,Miscellaneous
image4683.jpg,Miscellaneous
image6142.jpg,Miscellaneous
image43.jpg,Miscellaneous
image1259.jpg,Miscellaneous
image4736.jpg,Miscellaneous
image6537.jpg,Miscellaneous
image9115.jpg,Miscellaneous
image3833.jpg,Miscellaneous
image1362.jpg,Airplane
image12.jpg,Miscellaneous
image476.jpg,Miscellaneous
image9429.jpg,Miscellaneous
image3257.jpg,Miscellaneous
image3538.jpg,Miscellaneous
image2263.jpg,Miscellaneous
image2666.jpg,Miscellaneous
image4416.jpg,Miscellaneous
image8681.jpg,Miscellaneous
image3899.jpg,Miscellaneous
image8869.jpg,Candle
image7585.jpg,Miscellaneous
image2486.jpg,Miscellaneous
image4435.jpg,Miscellaneous
image4092.jpg,Miscellaneous
image864.jpg,Miscellaneous
image560.jpg,Miscellaneous
image5609.jpg,Jacket
image3948.jpg,Miscellaneous
image5664.jpg,Miscellaneous
image1358.jpg,Miscellaneous
image108.jpg,Miscellaneous
image2129.jpg,Miscellaneous
image1442.jpg,Miscellaneous
image6171.jpg,Miscellaneous
image796.jpg,Miscellaneous
image1833.jpg,Miscellaneous
image7290.jpg,Miscellaneous
image6749.jpg,Miscellaneous
image9635.jpg,Jacket
image6235.jpg,Miscellaneous
image4800.jpg,Miscellaneous
image5377.jpg,Snowman
image146.jpg,Miscellaneous
image394.jpg,Miscellaneous
image7390.jpg,Miscellaneous
image5316.jpg,Miscellaneous
image1718.jpg,Candle
image7971.jpg,Miscellaneous
image9042.jpg,Miscellaneous
image9057.jpg,Miscellaneous
image4857.jpg,Miscellaneous
image5352.jpg,Miscellaneous
image3660.jpg,Miscellaneous
image523.jpg,Miscellaneous
image3049.jpg,Miscellaneous
image2756.jpg,Candle
image2675.jpg,Miscellaneous
image2200.jpg,Miscellaneous
image110.jpg,Miscellaneous
image9662.jpg,Miscellaneous
image1359.jpg,Miscellaneous
image3076.jpg,Miscellaneous
image630.jpg,Miscellaneous
image9030.jpg,Miscellaneous
image6932.jpg,Miscellaneous
image333.jpg,Miscellaneous
image5433.jpg,Miscellaneous
image4784.jpg,Miscellaneous
image4382.jpg,Miscellaneous
image8558.jpg,Miscellaneous
image6793.jpg,Miscellaneous
image2852.jpg,Miscellaneous
image9231.jpg,Miscellaneous
image3720.jpg,Miscellaneous
image7835.jpg,Miscellaneous
image3422.jpg,Miscellaneous
image9874.jpg,Miscellaneous
image7851.jpg,Airplane
image1371.jpg,Airplane
image6107.jpg,Miscellaneous
image1943.jpg,Miscellaneous
image5442.jpg,Miscellaneous
image2349.jpg,Miscellaneous
image3743.jpg,Miscellaneous
image1350.jpg,Miscellaneous
image6752.jpg,Jacket
image9037.jpg,Jacket
image3913.jpg,Jacket
image9867.jpg,Jacket
image8838.jpg,Miscellaneous
image370.jpg,Miscellaneous
image1841.jpg,Christmas_Tree
image715.jpg,Miscellaneous
image1994.jpg,Christmas_Tree
image2490.jpg,Christmas_Tree
image4907.jpg,Christmas_Tree
image6721.jpg,Christmas_Tree
image933.jpg,Christmas_Tree
image7768.jpg,Miscellaneous
image1879.jpg,Christmas_Tree
image7291.jpg,Christmas_Tree
image9491.jpg,Christmas_Tree
image8130.jpg,Christmas_Tree
image5767.jpg,Christmas_Tree
image2968.jpg,Miscellaneous
image1175.jpg,Christmas_Tree
image217.jpg,Christmas_Tree
image4718.jpg,Christmas_Tree
image6559.jpg,Christmas_Tree
image6217.jpg,Christmas_Tree
image9767.jpg,Christmas_Tree
image6503.jpg,Christmas_Tree
image9881.jpg,Christmas_Tree
image4641.jpg,Miscellaneous
image9072.jpg,Christmas_Tree
image6331.jpg,Christmas_Tree
image7272.jpg,Candle
image2817.jpg,Christmas_Tree
image2830.jpg,Christmas_Tree
image4400.jpg,Christmas_Tree
image9337.jpg,Christmas_Tree
image2741.jpg,Jacket
image6829.jpg,Snowman
image1264.jpg,Snowman
image4966.jpg,Snowman
image9246.jpg,Snowman
image5108.jpg,Miscellaneous
image9606.jpg,Miscellaneous
image4060.jpg,Miscellaneous
image4442.jpg,Snowman
image7230.jpg,Jacket
image1990.jpg,Miscellaneous
image6903.jpg,Jacket
image8779.jpg,Airplane
image5644.jpg,Jacket
image8898.jpg,Airplane
image633.jpg,Airplane
image7358.jpg,Miscellaneous
image2113.jpg,Airplane
image1947.jpg,Miscellaneous
image5549.jpg,Miscellaneous
image8027.jpg,Airplane
image3493.jpg,Airplane
image2218.jpg,Airplane
image9540.jpg,Airplane
image3472.jpg,Candle
image3874.jpg,Candle
image5356.jpg,Candle
image5932.jpg,Miscellaneous
image3500.jpg,Candle
image6781.jpg,Miscellaneous
image3169.jpg,Christmas_Tree
image1120.jpg,Miscellaneous
image9243.jpg,Candle
image6602.jpg,Candle
image7721.jpg,Candle
image7931.jpg,Candle
image8775.jpg,Miscellaneous
image5770.jpg,Candle
image4935.jpg,Candle
image1564.jpg,Jacket
image8778.jpg,Miscellaneous
image245.jpg,Snowman
image1510.jpg,Miscellaneous
image6446.jpg,Miscellaneous
image9210.jpg,Miscellaneous
image6529.jpg,Miscellaneous
image3990.jpg,Miscellaneous
image1944.jpg,Miscellaneous
image2327.jpg,Airplane
image7232.jpg,Miscellaneous
image5132.jpg,Miscellaneous
image7557.jpg,Miscellaneous
image142.jpg,Miscellaneous
image2020.jpg,Miscellaneous
image4751.jpg,Miscellaneous
image5748.jpg,Miscellaneous
image6758.jpg,Miscellaneous
image252.jpg,Miscellaneous
image2341.jpg,Miscellaneous
image2810.jpg,Miscellaneous
image5306.jpg,Miscellaneous
image7348.jpg,Miscellaneous
image3499.jpg,Christmas_Tree
image8945.jpg,Miscellaneous
image4186.jpg,Miscellaneous
image854.jpg,Miscellaneous
image6622.jpg,Miscellaneous
image1754.jpg,Miscellaneous
image9728.jpg,Miscellaneous
image393.jpg,Miscellaneous
image2060.jpg,Miscellaneous
image6499.jpg,Airplane
image392.jpg,Miscellaneous
image7900.jpg,Airplane
image9513.jpg,Miscellaneous
image4311.jpg,Miscellaneous
image8538.jpg,Miscellaneous
image3908.jpg,Jacket
image4596.jpg,Miscellaneous
image9216.jpg,Miscellaneous
image3099.jpg,Miscellaneous
image2863.jpg,Miscellaneous
image7534.jpg,Miscellaneous
image3523.jpg,Miscellaneous
image2225.jpg,Candle
image8258.jpg,Miscellaneous
image1193.jpg,Miscellaneous
image5857.jpg,Miscellaneous
image2401.jpg,Miscellaneous
image65.jpg,Miscellaneous
image6720.jpg,Miscellaneous
image3436.jpg,Miscellaneous
image7240.jpg,Miscellaneous
image119.jpg,Miscellaneous
image8376.jpg,Miscellaneous
image2370.jpg,Miscellaneous
image9157.jpg,Miscellaneous
image3880.jpg,Miscellaneous
image1560.jpg,Airplane
image6365.jpg,Miscellaneous
image4567.jpg,Jacket
image4514.jpg,Miscellaneous
image9217.jpg,Miscellaneous
image9054.jpg,Miscellaneous
image3143.jpg,Christmas_Tree
image3379.jpg,Miscellaneous
image1693.jpg,Christmas_Tree
image8830.jpg,Christmas_Tree
image8528.jpg,Christmas_Tree
image2014.jpg,Christmas_Tree
image5379.jpg,Christmas_Tree
image1147.jpg,Christmas_Tree
image8184.jpg,Christmas_Tree
image3847.jpg,Christmas_Tree
image9915.jpg,Christmas_Tree
image8606.jpg,Miscellaneous
image1129.jpg,Christmas_Tree
image4655.jpg,Miscellaneous
image8433.jpg,Christmas_Tree
image8052.jpg,Christmas_Tree
image4463.jpg,Christmas_Tree
image519.jpg,Christmas_Tree
image4506.jpg,Christmas_Tree
image7896.jpg,Christmas_Tree
image6016.jpg,Christmas_Tree
image969.jpg,Christmas_Tree
image423.jpg,Christmas_Tree
image8182.jpg,Christmas_Tree
image5971.jpg,Christmas_Tree
image7492.jpg,Christmas_Tree
image9958.jpg,Christmas_Tree
image2992.jpg,Miscellaneous
image6210.jpg,Miscellaneous
image6689.jpg,Candle
image1930.jpg,Miscellaneous
image7777.jpg,Miscellaneous
image5850.jpg,Snowman
image7549.jpg,Snowman
image2770.jpg,Snowman
image8986.jpg,Jacket
image4451.jpg,Airplane
image8261.jpg,Miscellaneous
image4713.jpg,Jacket
image2996.jpg,Snowman
image4945.jpg,Snowman
image9462.jpg,Miscellaneous
image1270.jpg,Miscellaneous
image6926.jpg,Miscellaneous
image5349.jpg,Miscellaneous
image7918.jpg,Jacket
image7489.jpg,Jacket
image6478.jpg,Jacket
image9097.jpg,Jacket
image8378.jpg,Jacket
image8618.jpg,Jacket
image6474.jpg,Airplane
image2915.jpg,Jacket
image125.jpg,Jacket
image6822.jpg,Snowman
image9110.jpg,Jacket
image601.jpg,Jacket
image3740.jpg,Miscellaneous
image3462.jpg,Jacket
image6819.jpg,Miscellaneous
image5761.jpg,Miscellaneous
image6209.jpg,Airplane
image4045.jpg,Airplane
image9314.jpg,Miscellaneous
image7529.jpg,Airplane
image2647.jpg,Airplane
image5673.jpg,Airplane
image8900.jpg,Airplane
image203.jpg,Candle
image4312.jpg,Candle
image5419.jpg,Miscellaneous
image5130.jpg,Miscellaneous
image3496.jpg,Miscellaneous
image5872.jpg,Candle
image4926.jpg,Candle
image7009.jpg,Miscellaneous
image9952.jpg,Miscellaneous
image5734.jpg,Candle
image1396.jpg,Candle
image4289.jpg,Candle
image928.jpg,Miscellaneous
image2649.jpg,Miscellaneous
image246.jpg,Miscellaneous
image2632.jpg,Miscellaneous
image9084.jpg,Miscellaneous
image6475.jpg,Miscellaneous
image5107.jpg,Miscellaneous
image1625.jpg,Miscellaneous
image7024.jpg,Candle
image8534.jpg,Miscellaneous
image4322.jpg,Miscellaneous
image4464.jpg,Miscellaneous
image5661.jpg,Miscellaneous
image182.jpg,Jacket
image2473.jpg,Miscellaneous
image6751.jpg,Miscellaneous
image7908.jpg,Miscellaneous
image9321.jpg,Miscellaneous
image6283.jpg,Miscellaneous
image8099.jpg,Miscellaneous
image5521.jpg,Christmas_Tree
image4278.jpg,Miscellaneous
image5118.jpg,Miscellaneous
image6319.jpg,Miscellaneous
image3485.jpg,Miscellaneous
image9644.jpg,Candle
image2233.jpg,Miscellaneous
image1049.jpg,Miscellaneous
image4583.jpg,Miscellaneous
image7718.jpg,Miscellaneous
image8666.jpg,Miscellaneous
image2605.jpg,Miscellaneous
image3001.jpg,Miscellaneous
image5628.jpg,Miscellaneous
image5141.jpg,Miscellaneous
image2857.jpg,Miscellaneous
image1983.jpg,Miscellaneous
image6067.jpg,Miscellaneous
image2945.jpg,Miscellaneous
image4114.jpg,Miscellaneous
image6280.jpg,Miscellaneous
image1121.jpg,Miscellaneous
image3515.jpg,Miscellaneous
image5707.jpg,Miscellaneous
image2176.jpg,Miscellaneous
image2866.jpg,Miscellaneous
image1058.jpg,Miscellaneous
image4323.jpg,Miscellaneous
image5012.jpg,Miscellaneous
image9567.jpg,Miscellaneous
image44.jpg,Miscellaneous
image8597.jpg,Miscellaneous
image2329.jpg,Miscellaneous
image3340.jpg,Miscellaneous
image2193.jpg,Miscellaneous
image1032.jpg,Miscellaneous
image1611.jpg,Miscellaneous
image4187.jpg,Miscellaneous
image5040.jpg,Miscellaneous
image2463.jpg,Miscellaneous
image5926.jpg,Miscellaneous
image3440.jpg,Miscellaneous
image916.jpg,Jacket
image2407.jpg,Miscellaneous
image2324.jpg,Miscellaneous
image6787.jpg,Miscellaneous
image5374.jpg,Miscellaneous
image2833.jpg,Christmas_Tree
image5303.jpg,Christmas_Tree
image8858.jpg,Christmas_Tree
image9451.jpg,Christmas_Tree
image2566.jpg,Christmas_Tree
image3026.jpg,Christmas_Tree
image1346.jpg,Christmas_Tree
image5864.jpg,Christmas_Tree
image1763.jpg,Christmas_Tree
image2345.jpg,Christmas_Tree
image6482.jpg,Christmas_Tree
image2774.jpg,Christmas_Tree
image9211.jpg,Christmas_Tree
image4094.jpg,Christmas_Tree
image1334.jpg,Christmas_Tree
image2624.jpg,Miscellaneous
image2862.jpg,Miscellaneous
image4589.jpg,Miscellaneous
image6320.jpg,Christmas_Tree
image5567.jpg,Christmas_Tree
image8289.jpg,Christmas_Tree
image7035.jpg,Miscellaneous
image7772.jpg,Christmas_Tree
image3384.jpg,Christmas_Tree
image8854.jpg,Christmas_Tree
image9542.jpg,Christmas_Tree
image3813.jpg,Christmas_Tree
image5095.jpg,Christmas_Tree
image6849.jpg,Christmas_Tree
image844.jpg,Christmas_Tree
image9298.jpg,Christmas_Tree
image1539.jpg,Christmas_Tree
image713.jpg,Christmas_Tree
image6130.jpg,Christmas_Tree
image6073.jpg,Miscellaneous
image3627.jpg,Miscellaneous
image702.jpg,Snowman
image3592.jpg,Miscellaneous
image4347.jpg,Jacket
image5640.jpg,Snowman
image4013.jpg,Snowman
image2719.jpg,Snowman
image7199.jpg,Jacket
image712.jpg,Jacket
image5593.jpg,Jacket
image6099.jpg,Jacket
image4594.jpg,Jacket
image1040.jpg,Jacket
image2024.jpg,Jacket
image2429.jpg,Jacket
image2884.jpg,Jacket
image4764.jpg,Jacket
image671.jpg,Jacket
image6027.jpg,Jacket
image7459.jpg,Jacket
image9376.jpg,Miscellaneous
image9539.jpg,Airplane
image9878.jpg,Christmas_Tree
image6782.jpg,Airplane
image7654.jpg,Miscellaneous
image3789.jpg,Airplane
image1220.jpg,Airplane
image2063.jpg,Airplane
image7214.jpg,Airplane
image818.jpg,Airplane
image3095.jpg,Miscellaneous
image6178.jpg,Miscellaneous
image4261.jpg,Airplane
image6238.jpg,Airplane
image682.jpg,Airplane
image541.jpg,Christmas_Tree
image3802.jpg,Miscellaneous
image263.jpg,Miscellaneous
image3693.jpg,Miscellaneous
image5312.jpg,Candle
image3914.jpg,Candle
image6863.jpg,Candle
image8502.jpg,Candle
image6995.jpg,Miscellaneous
image7686.jpg,Candle
image9564.jpg,Candle
image4196.jpg,Miscellaneous
image8608.jpg,Jacket
image1337.jpg,Miscellaneous
image8750.jpg,Miscellaneous
image1182.jpg,Miscellaneous
image4535.jpg,Miscellaneous
image1768.jpg,Miscellaneous
image9832.jpg,Miscellaneous
image7698.jpg,Miscellaneous
image7983.jpg,Miscellaneous
image3084.jpg,Miscellaneous
image4529.jpg,Miscellaneous
image2354.jpg,Miscellaneous
image1404.jpg,Miscellaneous
image9851.jpg,Miscellaneous
image4934.jpg,Miscellaneous
image7325.jpg,Miscellaneous
image4756.jpg,Miscellaneous
image897.jpg,Miscellaneous
image6170.jpg,Miscellaneous
image5327.jpg,Miscellaneous
image6987.jpg,Airplane
image9674.jpg,Miscellaneous
image7888.jpg,Miscellaneous
image736.jpg,Miscellaneous
image7787.jpg,Miscellaneous
image8963.jpg,Miscellaneous
image505.jpg,Miscellaneous
image3096.jpg,Miscellaneous
image9408.jpg,Miscellaneous
image8306.jpg,Miscellaneous
image9616.jpg,Miscellaneous
image1222.jpg,Miscellaneous
image4776.jpg,Miscellaneous
image7138.jpg,Miscellaneous
image5846.jpg,Miscellaneous
image6976.jpg,Miscellaneous
image9239.jpg,Miscellaneous
image497.jpg,Miscellaneous
image9826.jpg,Miscellaneous
image2900.jpg,Miscellaneous
image3077.jpg,Miscellaneous
image3724.jpg,Miscellaneous
image7402.jpg,Miscellaneous
image4358.jpg,Miscellaneous
image5063.jpg,Miscellaneous
image9861.jpg,Miscellaneous
image4107.jpg,Miscellaneous
image7926.jpg,Airplane
image4134.jpg,Christmas_Tree
image1731.jpg,Miscellaneous
image8263.jpg,Miscellaneous
image4757.jpg,Miscellaneous
image1772.jpg,Jacket
image8361.jpg,Miscellaneous
image946.jpg,Jacket
image2610.jpg,Christmas_Tree
image4964.jpg,Christmas_Tree
image3744.jpg,Christmas_Tree
image3254.jpg,Christmas_Tree
image2659.jpg,Christmas_Tree
image9519.jpg,Jacket
image3786.jpg,Christmas_Tree
image6730.jpg,Christmas_Tree
image8124.jpg,Christmas_Tree
image9167.jpg,Christmas_Tree
image9444.jpg,Christmas_Tree
image3852.jpg,Christmas_Tree
image3695.jpg,Christmas_Tree
image7049.jpg,Christmas_Tree
image9049.jpg,Christmas_Tree
image6982.jpg,Christmas_Tree
image5544.jpg,Christmas_Tree
image6075.jpg,Christmas_Tree
image7207.jpg,Christmas_Tree
image2740.jpg,Miscellaneous
image7078.jpg,Christmas_Tree
image3153.jpg,Christmas_Tree
image408.jpg,Christmas_Tree
image5704.jpg,Christmas_Tree
image1272.jpg,Jacket
image3678.jpg,Miscellaneous
image3922.jpg,Christmas_Tree
image3018.jpg,Miscellaneous
image8479.jpg,Christmas_Tree
image474.jpg,Christmas_Tree
image3425.jpg,Christmas_Tree
image7915.jpg,Miscellaneous
image313.jpg,Christmas_Tree
image5525.jpg,Snowman
image2381.jpg,Miscellaneous
image8277.jpg,Miscellaneous
image243.jpg,Snowman
image5731.jpg,Miscellaneous
image180.jpg,Jacket
image4921.jpg,Jacket
image6232.jpg,Jacket
image5271.jpg,Jacket
image9704.jpg,Jacket
image3110.jpg,Jacket
image9599.jpg,Jacket
image3930.jpg,Jacket
image3150.jpg,Jacket
image9858.jpg,Jacket
image5384.jpg,Jacket
image1035.jpg,Jacket
image3227.jpg,Jacket
image6647.jpg,Miscellaneous
image8207.jpg,Miscellaneous
image4875.jpg,Airplane
image9814.jpg,Airplane
image1662.jpg,Airplane
image6763.jpg,Airplane
image8398.jpg,Airplane
image8554.jpg,Airplane
image2572.jpg,Miscellaneous
image9351.jpg,Airplane
image1051.jpg,Miscellaneous
image3403.jpg,Airplane
image6667.jpg,Airplane
image6930.jpg,Airplane
image1305.jpg,Airplane
image6039.jpg,Miscellaneous
image7523.jpg,Candle
image3975.jpg,Candle
image3302.jpg,Candle
image3723.jpg,Candle
image738.jpg,Miscellaneous
image8874.jpg,Candle
image3421.jpg,Christmas_Tree
image7493.jpg,Airplane
image1478.jpg,Miscellaneous
image828.jpg,Miscellaneous
image144.jpg,Candle
image5153.jpg,Miscellaneous
image3235.jpg,Miscellaneous
image6234.jpg,Miscellaneous
image8784.jpg,Miscellaneous
image4195.jpg,Miscellaneous
image7166.jpg,Airplane
image8183.jpg,Miscellaneous
image4465.jpg,Miscellaneous
image2326.jpg,Miscellaneous
image743.jpg,Miscellaneous
image9798.jpg,Miscellaneous
image6986.jpg,Miscellaneous
image3738.jpg,Miscellaneous
image4173.jpg,Miscellaneous
image640.jpg,Miscellaneous
image5434.jpg,Miscellaneous
image3188.jpg,Miscellaneous
image8647.jpg,Miscellaneous
image670.jpg,Miscellaneous
image1043.jpg,Miscellaneous
image7655.jpg,Miscellaneous
image5110.jpg,Miscellaneous
image1301.jpg,Miscellaneous
image6000.jpg,Miscellaneous
image591.jpg,Miscellaneous
image1366.jpg,Miscellaneous
image7488.jpg,Miscellaneous
image9678.jpg,Miscellaneous
image4212.jpg,Miscellaneous
image6632.jpg,Miscellaneous
image1231.jpg,Miscellaneous
image8702.jpg,Miscellaneous
image7477.jpg,Miscellaneous
image4943.jpg,Miscellaneous
image687.jpg,Miscellaneous
image5504.jpg,Miscellaneous
image9926.jpg,Miscellaneous
image6907.jpg,Miscellaneous
image8847.jpg,Miscellaneous
image6962.jpg,Miscellaneous
image6617.jpg,Miscellaneous
image769.jpg,Airplane
image1048.jpg,Miscellaneous
image3946.jpg,Miscellaneous
image7673.jpg,Airplane
image6588.jpg,Airplane
image8674.jpg,Miscellaneous
image456.jpg,Miscellaneous
image4543.jpg,Miscellaneous
image5087.jpg,Miscellaneous
image8256.jpg,Miscellaneous
image2413.jpg,Miscellaneous
image1496.jpg,Jacket
image2158.jpg,Miscellaneous
image5600.jpg,Miscellaneous
image1205.jpg,Miscellaneous
image7922.jpg,Jacket
image5098.jpg,Miscellaneous
image1987.jpg,Miscellaneous
image5801.jpg,Jacket
image2196.jpg,Miscellaneous
image5031.jpg,Christmas_Tree
image2078.jpg,Miscellaneous
image7002.jpg,Christmas_Tree
image2564.jpg,Christmas_Tree
image2120.jpg,Christmas_Tree
image5401.jpg,Christmas_Tree
image8048.jpg,Christmas_Tree
image9873.jpg,Christmas_Tree
image1674.jpg,Miscellaneous
image9412.jpg,Christmas_Tree
image9483.jpg,Christmas_Tree
image9844.jpg,Christmas_Tree
image3807.jpg,Christmas_Tree
image5796.jpg,Miscellaneous
image3983.jpg,Christmas_Tree
image8557.jpg,Christmas_Tree
image2270.jpg,Christmas_Tree
image5690.jpg,Christmas_Tree
image543.jpg,Miscellaneous
image8863.jpg,Snowman
image7279.jpg,Christmas_Tree
image7106.jpg,Christmas_Tree
image9166.jpg,Snowman
image4692.jpg,Jacket
image3641.jpg,Jacket
image8727.jpg,Jacket
image1670.jpg,Miscellaneous
image2716.jpg,Miscellaneous
image4316.jpg,Miscellaneous
image2790.jpg,Airplane
image11.jpg,Airplane
image5677.jpg,Airplane
image6429.jpg,Miscellaneous
image1787.jpg,Candle
image5126.jpg,Miscellaneous
image3851.jpg,Miscellaneous
image4518.jpg,Candle
image739.jpg,Miscellaneous
image4631.jpg,Miscellaneous
image8981.jpg,Miscellaneous
image6295.jpg,Miscellaneous
image6080.jpg,Miscellaneous
image225.jpg,Christmas_Tree
image9344.jpg,Miscellaneous
image13.jpg,Miscellaneous
image3062.jpg,Miscellaneous
image2052.jpg,Miscellaneous
image8456.jpg,Miscellaneous
image9474.jpg,Miscellaneous
image4858.jpg,Airplane
image3639.jpg,Jacket
image9299.jpg,Miscellaneous
image7763.jpg,Miscellaneous
image3501.jpg,Miscellaneous
image4178.jpg,Miscellaneous
image1707.jpg,Miscellaneous
image3343.jpg,Miscellaneous
image8319.jpg,Miscellaneous
image5589.jpg,Miscellaneous
image8296.jpg,Miscellaneous
image9019.jpg,Miscellaneous
image214.jpg,Miscellaneous
image5606.jpg,Miscellaneous
image7814.jpg,Miscellaneous
image2562.jpg,Miscellaneous
